Edad,Nivel_Educacional,Anios_Trabajando,Ingresos,Deuda_Comercial,Deuda_Credito,Otras_Deudas,Ratio_Ingresos_Deudas,Default
30.0,SupCom,6.0,51.0,6.2,1.07,2.09,5.0,1.0
29.0,SupCom,1.0,38.0,4.5,0.82,0.89,5.0,
18.0,Med,0.0,25.0,2.9,0.56,0.16,5.0,
33.0,Posg,2.0,79.0,23.7,10.47,8.26,1.8618901720480792,1.0
20.0,SupInc,0.0,28.0,10.4,0.93,1.98,2.1036814425244175,0.0
25.0,Med,2.0,24.0,3.0,0.15,0.57,5.0,0.0
30.0,Med,8.0,68.0,2.4,0.27,1.36,5.0,1.0
27.0,SupCom,3.0,43.0,4.5,0.58,1.36,5.0,1.0
38.0,Med,18.0,55.0,16.1,2.34,6.52,2.203525641025641,1.0
38.0,SupCom,4.0,61.0,2.7,0.91,0.73,5.0,0.0
62.0,Med,33.0,322.0,2.8,7.04,1.97,5.0,
40.0,SupInc,10.0,38.0,6.1,0.92,1.4,4.513064133016627,1.0
19.0,Med,0.0,17.0,14.1,1.04,1.36,1.0303030303030303,1.0
18.0,Med,0.0,29.0,5.6,0.9,0.73,4.011065006915629,0.0
19.0,Med,0.0,20.0,12.8,1.14,1.42,1.3020833333333333,1.0
24.0,SupCom,1.0,36.0,13.0,1.0,3.68,2.0361990950226243,1.0
20.0,SupInc,0.0,15.0,17.8,0.81,1.5,0.7692424373754008,1.0
30.0,SupInc,1.0,26.0,8.0,1.18,0.9,2.5793650793650795,1.0
57.0,Bas,25.0,61.0,1.6,0.18,0.8,5.0,1.0
23.0,SupCom,0.0,45.0,10.7,0.61,4.2,2.9013539651837528,1.0
22.0,SupCom,0.0,59.0,3.1,0.62,1.21,5.0,0.0
51.0,SupCom,4.0,43.0,3.3,0.2,1.22,5.0,1.0
30.0,Med,3.0,35.0,16.1,0.81,4.82,1.6106764841233319,0.0
39.0,Med,14.0,94.0,30.002,10.5,17.88,1.604643222942984,0.0
48.0,Posg,2.0,52.0,13.1,1.52,5.29,2.6117528879959817,0.0
59.0,SupInc,31.0,102.0,0.699,0.1,0.2,5.0,
35.0,Med,15.0,55.0,10.2,3.37,2.24,3.4788108791903856,1.0
52.0,SupCom,2.0,48.0,5.4,1.4,1.19,5.0,0.0
22.0,SupInc,0.0,31.0,10.1,0.7,2.44,2.341389728096677,0.0
30.0,Bas,7.0,40.0,11.4,1.78,2.78,2.5062656641604013,0.0
28.0,Med,3.0,20.0,9.0,0.37,1.43,1.851851851851852,1.0
40.0,SupCom,7.0,33.0,12.4,0.65,3.45,2.0,0.0
32.0,SupCom,7.0,71.0,19.5,4.13,9.72,2.128935532233883,
45.0,Bas,24.0,69.0,3.2,1.33,0.87,5.0,1.0
66.0,Med,9.0,54.0,15.8,1.34,7.19,2.219482120838471,0.0
23.0,SupCom,0.0,34.0,17.0,2.16,3.62,1.4925373134328357,1.0
28.0,SupCom,0.0,47.0,18.6,6.71,2.04,1.7184643510054844,1.0
19.0,Bas,1.0,20.0,8.8,0.55,1.21,1.8939393939393936,1.0
49.0,SupCom,1.0,51.0,11.2,1.86,3.85,3.015966883500887,0.0
43.0,SupCom,13.0,127.0,3.0,0.42,3.39,5.0,1.0
18.0,Med,0.0,16.0,8.3,0.17,1.15,1.663201663201663,0.0
38.0,Bas,6.0,24.0,16.8,0.56,3.48,1.1516314779270633,1.0
34.0,Med,6.0,45.0,9.1,1.31,2.78,3.411675511751327,1.0
32.0,SupInc,1.0,45.0,13.9,1.51,4.74,2.2332506203473947,0.0
40.0,SupInc,5.0,34.0,23.3,1.53,6.39,1.0890454836643177,0.0
62.0,Bas,32.0,86.0,6.3,3.97,1.45,5.0,0.0
26.0,Med,6.0,23.0,13.6,0.13,3.0,1.3747758517632995,
65.0,Bas,10.0,32.0,9.9,1.37,1.8,2.448355011476664,1.0
27.0,SupInc,1.0,47.0,4.3,0.9,1.12,5.0,1.0
25.0,SupCom,0.0,31.0,3.9,0.37,0.84,5.0,1.0
37.0,SupInc,3.0,36.0,6.7,0.68,1.73,3.9517014270032935,1.0
49.0,Med,15.0,35.0,3.0,0.74,0.32,5.0,1.0
48.0,Med,7.0,80.0,3.7,0.79,2.17,5.0,1.0
28.0,Med,3.0,64.0,9.4,1.03,4.98,4.153147306943543,
18.0,Med,0.0,28.0,8.1,0.84,1.42,2.7027027027027026,
20.0,Bas,3.0,24.0,16.3,1.31,2.61,1.1869436201780417,1.0
52.0,Bas,8.0,43.0,17.5,3.44,4.09,1.7179384738314023,0.0
26.0,Med,7.0,49.0,17.7,5.38,3.3,1.8574677786201668,0.0
26.0,SupInc,2.0,38.0,11.9,0.95,3.57,2.3142509135200977,
19.0,Med,0.0,20.0,7.0,0.19,1.21,2.380952380952381,
19.0,Med,0.0,19.0,5.4,0.37,0.65,2.9595015576323984,1.0
35.0,SupCom,6.0,81.0,6.8,2.84,2.67,5.0,0.0
19.0,Med,0.0,17.0,5.5,0.51,0.43,2.639751552795031,0.0
61.0,Bas,38.01999999999998,209.0,10.9,4.12,18.66,5.0,1.0
71.0,SupCom,38.01999999999998,352.15999999999985,19.6,15.082099999999999,26.926199999999994,4.190962099125365,1.0
32.0,SupCom,3.0,56.0,13.2,1.53,5.86,2.719766877124818,1.0
32.0,Med,0.0,35.0,18.1,1.14,5.19,1.4326647564469912,0.0
19.0,Med,0.0,24.0,12.5,0.94,2.06,1.5483870967741935,0.0
20.0,SupInc,0.0,15.0,0.699,0.03,0.11,5.0,1.0
23.0,Med,2.0,17.0,21.3,0.3,3.32,0.7692424373754008,1.0
23.0,SupInc,1.0,42.0,1.3,0.17,0.38,5.0,1.0
22.0,SupCom,0.0,28.0,19.8,0.44,5.1,1.1049723756906076,
41.0,Med,9.0,68.0,28.3,4.52,14.72,1.430374421539756,1.0
31.0,Med,2.0,42.0,10.3,0.86,3.47,2.8708133971291865,0.0
34.0,SupCom,2.0,46.0,22.5,1.21,9.14,1.400304414003044,1.0
46.0,SupCom,7.0,41.0,2.5,0.35,0.67,5.0,1.0
20.0,SupInc,0.0,17.0,10.5,0.3,1.49,1.3832384052074858,
45.0,Posg,9.0,48.0,10.2,3.53,1.37,3.178807947019868,1.0
23.0,SupInc,0.0,34.0,9.2,1.25,1.87,2.75974025974026,0.0
31.0,SupCom,0.0,28.0,4.5,0.07,1.19,4.861111111111112,
28.0,Med,7.0,44.0,17.7,2.99,4.8,1.7261671243624952,0.0
71.0,Med,13.0,59.0,24.4,2.66,11.73,1.5210105697344676,1.0
26.0,SupCom,0.0,26.0,3.3,0.41,0.45,5.0,0.0
26.0,SupInc,2.0,37.0,3.1,0.35,0.8,5.0,1.0
37.0,Med,12.0,29.0,9.3,0.88,1.82,2.4166666666666665,
20.0,SupInc,0.0,32.0,8.5,1.11,1.61,2.8520499108734407,1.0
20.0,SupInc,0.0,22.0,4.2,0.54,0.39,4.288499025341131,1.0
18.0,Med,0.0,22.0,4.4,0.15,0.82,4.0968342644320295,
26.0,Bas,1.0,15.0,6.7,0.2,0.8,1.948051948051948,1.0
32.0,SupCom,6.0,31.0,14.2,1.36,3.04,1.666666666666667,
41.0,Med,5.0,37.0,5.8,0.35,1.8,4.654088050314466,
37.0,Med,10.0,43.0,3.6,0.81,0.74,5.0,1.0
45.0,SupCom,1.0,60.0,9.9,1.14,4.8,3.787878787878788,
34.0,Bas,14.0,39.0,11.4,2.71,1.73,2.462121212121212,
24.0,SupCom,0.0,28.0,4.0,0.7,0.42,5.0,1.0
61.0,SupInc,35.0,327.0,4.6,7.63,7.42,5.0,1.0
32.0,SupCom,5.0,67.0,8.4,3.38,2.25,4.775481111903065,1.0
40.0,Bas,20.0,61.0,4.8,1.04,1.89,5.0,1.0
46.0,Bas,0.0,25.0,3.0,0.43,0.32,5.0,1.0
28.0,SupCom,2.0,47.0,12.1,0.43,5.25,2.6434195725534306,1.0
41.0,Med,21.0,56.0,4.8,1.15,1.54,5.0,1.0
20.0,SupInc,0.0,41.0,4.3,0.47,1.29,5.0,0.0
55.0,Posg,21.0,91.0,6.6,2.01,3.99,5.0,1.0
27.0,SupCom,3.0,36.0,16.2,1.39,4.44,1.634135270086246,1.0
29.0,SupInc,5.0,52.0,16.8,5.63,3.1,2.036819428123776,
49.0,Posg,23.0,178.0,19.4,5.59,26.926199999999994,3.300574819210087,1.0
20.0,Bas,0.0,20.0,17.6,0.15,3.37,0.9469696969696969,1.0
25.0,SupCom,0.0,52.0,4.9,0.67,1.88,5.0,1.0
29.0,SupCom,1.0,50.0,15.1,2.67,4.88,2.207505518763797,1.0
56.0,SupInc,26.0,352.15999999999985,11.2,15.082099999999999,19.7,5.0,1.0
37.0,Bas,0.0,36.0,16.1,1.99,3.81,1.6438356164383563,1.0
18.0,Med,0.0,47.0,3.6,1.21,0.48,5.0,
31.0,Med,11.0,61.0,30.002,9.48,11.5,1.1014806789454679,0.0
47.0,Med,6.0,75.0,15.2,2.93,8.47,2.819548872180451,1.0
32.0,Med,0.0,22.0,22.5,0.58,4.37,0.8014571948998179,1.0
18.0,Med,0.0,24.0,0.9,0.13,0.11,5.0,0.0
24.0,SupCom,0.0,21.0,11.0,0.72,1.59,1.5777610818933132,
62.0,SupCom,23.0,124.0,23.0,15.082099999999999,9.47,2.406832298136646,1.0
18.0,Med,0.0,35.0,12.4,1.13,3.21,2.0908004778972518,1.0
42.0,SupCom,12.0,15.0,14.4,0.66,1.5,0.9057971014492753,1.0
30.0,Med,2.0,34.0,11.6,1.39,2.55,2.187902187902188,1.0
30.0,Bas,12.0,35.0,5.7,1.34,0.66,4.545454545454545,1.0
35.0,Bas,16.0,93.0,4.7,2.86,1.51,5.0,1.0
34.0,Bas,0.0,26.0,1.9,0.18,0.32,5.0,1.0
35.0,SupCom,0.0,144.0,3.2,1.52,3.09,5.0,1.0
40.0,Med,20.0,117.0,11.9,4.94,8.98,4.53137103020914,1.0
38.0,Posg,9.0,66.0,1.2,0.59,0.2,5.0,
65.0,Bas,21.0,42.0,1.6,0.29,0.38,5.0,0.0
26.0,Med,5.0,22.0,3.3,0.1,0.63,5.0,0.0
24.0,SupCom,0.0,32.0,5.6,0.25,1.54,4.330175913396482,1.0
41.0,Med,4.0,56.0,7.3,2.56,1.53,4.916593503072871,0.0
42.0,Bas,8.0,65.0,14.6,2.7,6.79,2.69821502698215,1.0
54.0,SupInc,15.0,93.0,13.7,7.99,4.75,3.5173978819969745,0.0
24.0,Med,5.0,28.0,19.1,1.52,3.82,1.1456628477905073,0.0
69.0,Med,24.0,84.0,20.2,5.63,11.33,2.2604951560818085,1.0
26.0,Bas,6.0,24.0,11.5,0.91,1.85,1.6830294530154277,0.0
32.0,SupInc,3.0,34.0,12.4,2.18,2.03,2.046959662853703,1.0
27.0,Med,4.0,36.0,14.7,1.46,3.83,1.8009004502251125,
22.0,SupCom,0.0,29.0,3.7,0.08,0.99,5.0,
25.0,Posg,0.0,60.0,8.4,1.25,3.79,4.4642857142857135,1.0
18.0,Med,0.0,28.0,9.9,1.05,1.72,2.209944751381215,1.0
26.0,Med,2.0,55.0,11.0,4.69,1.36,3.225806451612903,0.0
21.0,SupInc,0.0,15.0,8.3,0.45,0.63,1.3859275053304903,
27.0,Posg,0.0,30.0,4.3,0.42,0.87,5.0,1.0
20.0,SupInc,0.0,22.0,5.1,0.36,0.76,3.536977491961415,
45.0,SupCom,7.0,42.0,30.002,10.19,5.27,0.8036739380022964,1.0
29.0,Posg,3.0,26.0,7.8,0.46,1.57,2.644964394710071,1.0
28.0,SupCom,3.0,47.0,17.7,2.79,5.53,1.80630284396618,1.0
48.0,Posg,19.0,326.0,10.6,15.082099999999999,13.37,5.0,0.0
39.0,SupCom,9.0,78.0,4.1,0.35,2.85,5.0,
18.0,Med,0.0,18.0,2.3,0.09,0.33,5.0,0.0
64.0,Med,38.01999999999998,352.15999999999985,19.2,15.082099999999999,26.926199999999994,4.160553343114651,1.0
44.0,Bas,17.0,107.0,13.0,3.83,10.08,3.976217019695281,1.0
45.0,Med,10.0,45.0,2.9,0.19,1.12,5.0,0.0
26.0,Med,1.0,24.0,13.4,1.48,1.74,1.4440433212996389,1.0
25.0,SupInc,2.0,26.0,11.9,1.24,1.86,1.7333333333333334,0.0
26.0,Med,2.0,26.0,14.5,0.56,3.21,1.4230979748221129,
23.0,SupInc,0.0,45.0,15.8,1.12,5.99,1.9642077695329547,0.0
28.0,Posg,0.0,57.0,12.4,4.52,2.54,2.9290853031860227,0.0
49.0,Med,6.0,49.0,1.7,0.5,0.33,5.0,1.0
43.0,SupInc,16.0,102.0,2.5,0.58,1.97,5.0,1.0
32.0,Posg,3.0,59.0,9.0,1.85,3.46,4.122990915443746,1.0
22.0,SupCom,0.0,46.0,8.6,1.76,2.19,3.665338645418327,1.0
22.0,SupCom,0.0,74.0,7.5,1.86,3.69,5.0,0.0
37.0,SupCom,8.0,62.0,23.9,5.81,9.01,1.6012396694214877,
64.0,Bas,38.01999999999998,198.0,6.9,8.1,5.56,5.0,0.0
24.0,Med,4.0,21.0,3.8,0.36,0.44,4.565217391304348,1.0
40.0,Med,6.0,36.0,6.6,1.58,0.8,4.008908685968819,1.0
41.0,Med,21.0,189.0,6.3,6.22,5.69,5.0,
18.0,Med,0.0,15.0,1.1,0.03,0.13,5.0,0.0
46.0,SupCom,22.0,160.0,15.5,9.92,14.88,3.9702233250620345,1.0
42.0,Med,15.0,46.0,13.1,1.06,4.97,2.4046001045478307,1.0
26.0,SupCom,0.0,103.0,14.3,8.54,6.19,3.5480537375129177,1.0
60.0,Med,2.0,29.0,3.3,0.54,0.42,5.0,
30.0,Med,4.0,45.0,10.0,2.13,2.37,3.103448275862069,1.0
43.0,SupInc,0.0,31.0,2.4,0.28,0.46,5.0,
18.0,Med,0.0,30.0,3.8,0.57,0.57,5.0,
40.0,SupCom,17.0,103.0,13.3,10.41,3.29,3.814814814814815,1.0
31.0,SupCom,1.0,69.0,0.699,0.19,0.11,5.0,1.0
21.0,SupInc,0.0,17.0,17.6,1.37,1.62,0.8256435162700339,1.0
28.0,SupCom,5.0,112.0,9.9,0.93,10.16,5.0,0.0
66.0,SupInc,30.0,104.0,6.7,2.29,4.68,5.0,1.0
49.0,SupInc,9.0,64.0,6.1,0.33,3.57,5.0,0.0
47.0,Med,28.0,189.0,3.2,4.18,1.87,5.0,1.0
28.0,SupInc,4.0,20.0,6.2,0.57,0.67,2.6881720430107525,0.0
18.0,Bas,1.0,15.0,8.4,0.74,0.52,1.5527950310559007,0.0
40.0,SupCom,3.0,35.0,10.0,1.09,2.42,2.5906735751295336,1.0
55.0,SupInc,34.0,150.0,9.9,0.73,14.12,5.0,0.0
19.0,Med,0.0,20.0,12.7,1.22,1.32,1.3123359580052494,0.0
50.0,SupCom,9.0,24.0,15.7,0.58,3.18,1.2332990750256938,0.0
27.0,Med,2.0,55.0,11.7,0.54,5.89,3.033645890788748,1.0
56.0,Med,35.0,236.0,3.9,6.68,2.52,5.0,0.0
53.0,Bas,17.0,59.0,0.699,0.03,0.26,5.0,
47.0,Med,10.0,39.0,6.7,0.22,2.39,4.189044038668099,
61.0,Med,22.0,108.0,22.2,6.04,17.93,2.3391812865497075,1.0
31.0,SupInc,4.0,43.0,6.9,0.66,2.31,4.356636271529888,1.0
34.0,SupCom,8.0,30.0,5.7,1.08,0.63,4.048582995951417,
43.0,SupCom,18.0,89.0,3.6,0.49,2.71,5.0,0.0
58.0,Med,9.0,51.0,4.4,0.64,1.6,5.0,1.0
70.0,Med,33.0,150.0,13.3,5.17,14.78,4.511278195488722,1.0
39.0,SupCom,4.0,75.0,5.6,2.62,1.58,5.0,0.0
56.0,Med,27.0,125.0,8.5,2.9,7.72,5.0,0.0
26.0,Bas,9.0,41.0,22.1,0.62,8.44,1.3157894736842104,1.0
33.0,SupCom,1.0,40.0,13.3,0.87,4.45,2.1482277121374866,0.0
64.0,Med,11.0,27.0,2.4,0.08,0.57,5.0,1.0
42.0,SupCom,10.0,76.0,6.1,0.32,4.32,5.0,1.0
36.0,SupCom,10.0,51.0,13.2,3.45,3.28,2.5589563472152532,
22.0,Bas,1.0,22.0,3.2,0.16,0.55,5.0,1.0
52.0,Bas,26.0,77.0,28.6,5.26,16.76,1.5211378901619912,0.0
44.0,Med,15.0,59.0,18.3,5.85,4.95,2.0274914089347083,1.0
36.0,Med,8.0,42.0,3.1,0.75,0.55,5.0,1.0
53.0,SupCom,3.0,50.0,15.7,4.25,3.6,2.1231422505307855,1.0
26.0,Bas,10.0,43.0,5.2,0.89,1.35,5.0,1.0
19.0,Med,0.0,37.0,3.0,0.21,0.9,5.0,1.0
36.0,Med,1.0,55.0,19.6,6.36,4.42,1.8104015799868334,1.0
71.0,Bas,7.0,26.0,7.6,0.37,1.61,2.7139874739039667,0.0
39.0,SupInc,10.0,45.0,25.0,1.77,9.48,1.2413793103448276,0.0
31.0,Med,10.0,41.0,17.9,0.36,6.98,1.624405705229794,1.0
61.0,Bas,0.0,42.0,18.4,4.01,3.72,1.6073478760045927,
19.0,Med,0.0,21.0,14.3,1.22,1.78,1.2138728323699421,1.0
33.0,SupCom,5.0,105.0,13.4,7.05,7.02,3.8223516563523847,1.0
61.0,Bas,7.0,35.0,10.4,0.7,2.94,2.492877492877493,1.0
44.0,Posg,2.0,91.0,4.8,1.02,3.35,5.0,1.0
27.0,Med,6.0,42.0,9.1,2.19,1.64,3.2482598607888633,1.0
28.0,SupInc,3.0,75.0,4.3,0.48,2.75,5.0,0.0
25.0,Bas,4.0,30.0,14.4,1.05,3.27,1.6025641025641024,1.0
19.0,Med,0.0,25.0,3.9,0.68,0.29,5.0,0.0
20.0,SupInc,0.0,31.0,18.3,1.95,3.72,1.2932832707551105,1.0
26.0,Bas,5.0,47.0,21.7,6.14,4.06,1.4733542319749218,0.0
34.0,Bas,12.0,59.0,9.2,2.0,3.43,4.032809295967191,1.0
21.0,Med,1.0,29.0,5.7,0.64,1.01,3.9455782312925174,1.0
53.0,SupCom,1.0,46.0,11.3,2.66,2.54,2.787878787878788,1.0
21.0,Bas,1.0,23.0,16.5,1.17,2.62,1.1335633316904878,
23.0,SupInc,0.0,30.0,6.9,0.55,1.52,3.34448160535117,1.0
56.0,Med,19.0,76.0,1.2,0.18,0.73,5.0,1.0
51.0,Bas,33.0,234.0,9.6,4.25,18.22,5.0,1.0
39.0,Med,9.0,60.0,9.2,2.08,3.44,4.076086956521739,1.0
38.0,SupInc,9.0,66.0,5.5,0.57,3.06,5.0,0.0
28.0,SupInc,6.0,30.0,20.5,1.29,4.86,1.125703564727955,1.0
31.0,SupInc,7.0,30.0,1.9,0.17,0.4,5.0,1.0
23.0,Bas,0.0,20.0,8.4,0.24,1.44,1.9841269841269842,1.0
18.0,Med,0.0,27.0,4.1,0.17,0.94,5.0,1.0
25.0,SupInc,0.0,35.0,9.7,0.13,3.26,2.6737967914438503,0.0
32.0,SupInc,6.0,50.0,9.8,3.09,1.81,3.401360544217687,1.0
22.0,Med,0.0,30.0,11.5,1.69,1.76,2.0066889632107023,1.0
19.0,Med,0.0,25.0,24.7,1.23,4.95,0.8095854922279793,1.0
45.0,Med,18.0,59.0,8.9,2.74,2.51,4.169611307420495,1.0
27.0,Med,2.0,30.0,2.7,0.34,0.47,5.0,0.0
44.0,Med,2.0,50.0,2.8,0.52,0.88,5.0,1.0
40.0,Med,15.0,46.0,10.6,0.82,4.06,2.9715762273901807,0.0
23.0,SupCom,0.0,47.0,8.9,0.62,3.56,3.5932721712538225,1.0
23.0,Bas,1.0,19.0,7.2,0.71,0.66,2.2170361726954493,1.0
18.0,Med,0.0,22.0,10.2,0.52,1.72,1.7684887459807075,
37.0,SupCom,0.0,50.0,1.3,0.21,0.44,5.0,0.0
30.0,Med,5.0,36.0,4.7,0.77,0.92,5.0,1.0
24.0,SupCom,0.0,21.0,6.6,0.58,0.81,2.6282853566958697,1.0
57.0,Med,4.0,61.0,2.3,0.11,1.29,5.0,0.0
33.0,SupInc,3.0,26.0,12.8,0.92,2.41,1.6119032858028515,
22.0,SupCom,0.0,28.0,8.1,0.61,1.66,2.7000964320154295,1.0
32.0,Med,1.0,129.0,19.9,11.91,13.76,2.8308097432521397,1.0
25.0,Med,2.0,21.0,14.4,0.99,2.04,1.2048192771084338,0.0
20.0,Bas,0.0,18.0,9.5,0.16,1.55,1.6057091882247991,1.0
33.0,Med,8.0,35.0,7.3,0.61,1.94,3.553299492385787,1.0
42.0,SupCom,9.0,49.0,7.3,1.15,2.43,4.5036764705882355,0.0
18.0,Med,0.0,36.0,6.2,1.05,1.18,4.270462633451958,0.0
19.0,Med,0.0,20.0,8.1,0.36,1.26,2.0576131687242802,0.0
18.0,Med,0.0,57.0,3.1,1.24,0.53,5.0,1.0
18.0,Med,0.0,18.0,13.1,0.92,1.44,1.1642949547218628,0.0
71.0,Posg,2.0,28.0,10.6,1.37,1.6,2.06337509211496,1.0
26.0,Med,4.0,31.0,5.5,0.25,1.45,4.305555555555555,
39.0,SupInc,17.0,165.0,3.3,2.55,2.89,5.0,
28.0,SupInc,3.0,61.0,16.1,3.16,6.66,2.3533950617283947,1.0
30.0,Bas,6.0,22.0,15.5,0.13,3.28,1.1634056054997355,1.0
20.0,Bas,2.0,20.0,2.7,0.2,0.34,5.0,1.0
34.0,SupCom,11.0,132.0,4.7,1.51,4.69,5.0,0.0
55.0,Med,13.0,63.0,17.5,2.56,8.47,2.2082018927444795,1.0
23.0,SupInc,0.0,18.0,4.0,0.05,0.67,3.8135593220338984,
28.0,SupInc,4.0,20.0,21.1,0.57,3.65,0.7898894154818326,1.0
22.0,Med,1.0,15.0,11.7,0.37,1.27,1.0494752623688157,0.0
45.0,Bas,3.0,38.0,22.1,2.59,5.8,1.2463102656608724,1.0
46.0,SupCom,1.0,58.0,7.6,0.33,4.08,4.8293089092422985,1.0
42.0,Med,17.0,66.0,8.7,1.73,4.01,4.570637119113574,1.0
36.0,Bas,4.0,45.0,13.2,0.33,5.61,2.3510971786833856,0.0
30.0,SupCom,5.0,95.0,7.0,3.46,3.19,5.0,0.0
34.0,SupInc,0.0,49.0,5.0,0.18,2.27,5.0,1.0
33.0,Bas,7.0,33.0,6.9,0.68,1.6,3.5947712418300655,1.0
24.0,Med,3.0,24.0,10.7,1.98,0.59,1.808590806330068,1.0
18.0,Med,0.0,30.0,19.8,2.3,3.64,1.1655011655011653,1.0
43.0,Bas,17.0,104.0,14.2,3.57,11.19,3.591160220994475,1.0
45.0,Bas,8.0,41.0,14.8,0.26,5.81,1.9645424053665548,1.0
33.0,SupCom,6.0,25.0,13.7,1.18,2.25,1.4594279042615295,1.0
49.0,SupInc,20.0,140.0,9.9,4.42,9.44,5.0,1.0
26.0,SupInc,4.0,50.0,0.8,0.13,0.27,5.0,0.0
51.0,Med,22.0,65.0,18.1,4.91,6.86,2.176096417810512,0.0
18.0,Bas,1.0,18.0,8.0,0.74,0.7,1.9067796610169492,1.0
24.0,SupCom,0.0,128.0,8.9,3.55,7.84,5.0,1.0
19.0,Bas,2.0,31.0,0.699,0.03,0.11,5.0,1.0
25.0,Bas,4.0,33.0,13.2,1.63,2.73,1.8792710706150344,1.0
20.0,SupInc,0.0,20.0,7.2,0.34,1.1,2.314814814814815,1.0
39.0,Med,1.0,27.0,1.4,0.1,0.28,5.0,
31.0,Posg,5.0,61.0,2.0,0.37,0.85,5.0,0.0
56.0,Med,34.0,215.0,13.9,14.37,15.51,4.910918227501142,0.0
18.0,Med,0.0,19.0,1.5,0.06,0.22,5.0,0.0
20.0,Med,0.0,28.0,18.0,3.07,1.97,1.215277777777778,1.0
34.0,SupCom,7.0,33.0,7.5,1.88,0.6,3.3066132264529062,0.0
20.0,Med,0.0,27.0,10.3,0.39,2.39,2.0642201834862384,1.0
30.0,SupCom,1.0,73.0,29.8,7.05,14.71,1.4158262218774242,1.0
36.0,Med,7.0,41.0,18.9,3.18,4.57,1.5384615384615385,
33.0,SupInc,5.0,38.0,18.3,1.74,5.22,1.5043547110055424,0.0
34.0,Med,12.0,58.0,19.9,2.49,9.05,1.8447837150127226,1.0
32.0,SupCom,8.0,44.0,13.7,1.35,4.68,2.230106436898125,
34.0,SupCom,9.0,34.0,30.002,2.39,8.52,0.7905138339920947,
20.0,Bas,2.0,42.0,3.1,0.89,0.41,5.0,
22.0,SupCom,0.0,31.0,22.8,1.31,5.75,1.0381781647689217,0.0
18.0,Med,0.0,35.0,12.3,0.87,3.44,2.107164358819988,0.0
21.0,SupInc,0.0,22.0,1.5,0.1,0.23,5.0,1.0
43.0,Med,8.0,48.0,9.7,1.32,3.34,3.3426183844011144,1.0
30.0,Posg,2.0,99.0,1.5,0.8,0.69,5.0,1.0
25.0,Bas,9.0,29.0,11.4,1.17,2.14,1.9714479945615226,1.0
26.0,Bas,4.0,23.0,6.9,0.17,1.42,2.7090694935217905,0.0
28.0,Med,7.0,88.0,10.6,2.21,7.12,4.415454089312594,
64.0,Bas,7.0,24.0,6.5,0.29,1.27,2.9776674937965257,1.0
32.0,SupInc,4.0,37.0,4.1,0.48,1.04,5.0,1.0
30.0,SupInc,5.0,27.0,6.2,0.86,0.81,3.430749682337992,0.0
27.0,SupInc,0.0,31.0,3.7,0.28,0.86,5.0,0.0
44.0,SupInc,6.0,39.0,8.9,1.82,1.65,3.152789005658852,0.0
25.0,Med,3.0,48.0,8.2,2.87,1.07,3.9538714991762767,1.0
20.0,SupInc,0.0,18.0,5.3,0.3,0.65,2.88,1.0
28.0,Posg,0.0,50.0,8.6,0.28,4.02,3.8759689922480622,
29.0,SupCom,4.0,58.0,18.2,1.62,8.94,2.016689847009736,
38.0,SupInc,12.0,86.0,2.4,0.87,1.19,5.0,
42.0,Posg,12.0,34.0,6.1,0.56,1.52,4.156479217603912,1.0
20.0,Bas,2.0,20.0,18.8,1.19,2.57,0.8865248226950354,1.0
33.0,SupCom,3.0,34.0,1.2,0.23,0.18,5.0,0.0
27.0,Bas,5.0,33.0,5.1,0.58,1.1,4.867256637168142,1.0
21.0,SupInc,0.0,22.0,8.5,0.08,1.79,2.121504339440694,
25.0,SupCom,1.0,35.0,1.4,0.06,0.43,5.0,
23.0,Med,3.0,27.0,17.8,0.93,3.88,1.1941618752764265,1.0
35.0,Med,6.0,32.0,7.6,0.82,1.61,3.190428713858425,1.0
22.0,Bas,0.0,17.0,3.7,0.14,0.49,3.9260969976905313,0.0
38.0,SupInc,3.0,34.0,3.9,0.86,0.46,5.0,1.0
24.0,Med,0.0,21.0,13.7,1.38,1.5,1.2665862484921593,1.0
23.0,Bas,2.0,38.0,12.2,2.23,2.41,2.2565320665083135,1.0
25.0,Med,2.0,26.0,10.3,0.86,1.82,2.0030816640986133,
38.0,SupInc,6.0,37.0,19.1,2.37,4.69,1.414373088685015,0.0
20.0,Med,1.0,19.0,8.0,0.78,0.74,1.995798319327731,1.0
18.0,Med,0.0,19.0,14.0,0.56,2.1,1.140456182472989,1.0
45.0,Posg,1.0,58.0,15.4,2.37,6.57,2.3829087921117504,0.0
25.0,Bas,9.0,25.0,23.5,0.34,5.53,0.8512087163772557,1.0
36.0,Med,9.0,35.0,0.8,0.09,0.19,5.0,
38.0,SupCom,4.0,91.0,3.9,1.02,2.53,5.0,1.0
31.0,Med,11.0,37.0,5.7,0.82,1.28,4.743589743589743,1.0
24.0,SupCom,0.0,45.0,6.7,0.82,2.19,4.634397528321318,0.0
32.0,SupInc,1.0,26.0,3.3,0.24,0.62,5.0,0.0
24.0,SupInc,0.0,67.0,8.9,2.38,3.58,4.508748317631224,1.0
24.0,Med,1.0,19.0,16.3,0.19,2.91,0.9793814432989689,
33.0,SupCom,7.0,185.0,8.5,3.88,11.84,5.0,0.0
27.0,SupInc,0.0,28.0,4.7,0.39,0.93,4.651162790697675,1.0
71.0,Med,30.0,80.0,3.9,0.8,2.32,5.0,1.0
61.0,SupCom,23.0,81.0,8.9,1.7,5.51,5.0,1.0
43.0,SupInc,21.0,125.0,11.5,6.33,8.05,4.829984544049459,
37.0,SupInc,0.0,35.0,10.8,1.27,2.51,2.400548696844993,0.0
40.0,Posg,1.0,32.0,18.6,3.4,2.55,1.3034623217922607,1.0
36.0,SupInc,9.0,76.0,5.7,0.29,4.04,5.0,1.0
65.0,Med,38.0,231.0,9.3,2.02,19.46,5.0,0.0
33.0,SupCom,4.0,136.0,10.1,5.56,8.17,5.0,1.0
69.0,Bas,6.0,60.0,18.6,1.27,9.89,2.0161290322580645,0.0
26.0,Posg,0.0,19.0,7.7,0.67,0.79,2.074235807860262,
39.0,SupInc,16.0,46.0,11.3,1.45,3.75,2.787878787878788,1.0
22.0,Med,2.0,39.0,4.7,0.5,1.33,5.0,1.0
24.0,Bas,6.0,36.0,13.2,1.92,2.83,2.0055710306406684,1.0
19.0,Med,0.0,34.0,19.3,2.2,4.36,1.3147718484145399,
47.0,Med,10.0,48.0,7.0,1.98,1.38,4.633204633204634,1.0
18.0,Med,0.0,27.0,9.4,0.43,2.1,2.2632020117351215,1.0
30.0,SupInc,3.0,23.0,6.5,0.28,1.22,2.875,0.0
68.0,Bas,38.01999999999998,274.0,7.0,8.59,10.59,5.0,1.0
21.0,Med,0.0,20.0,2.2,0.1,0.34,5.0,
25.0,Bas,4.0,31.0,3.1,0.37,0.59,5.0,1.0
19.0,Med,0.0,21.0,12.6,1.23,1.42,1.3770491803278688,1.0
52.0,SupInc,21.0,121.0,2.4,0.39,2.51,5.0,0.0
26.0,Posg,0.0,49.0,4.4,0.95,1.21,5.0,1.0
67.0,Bas,38.01999999999998,88.0,6.3,1.42,4.12,5.0,1.0
31.0,Med,11.0,51.0,12.4,4.14,2.19,2.7229044313934865,1.0
33.0,SupCom,3.0,19.0,17.2,0.37,2.9,0.9281875915974598,1.0
20.0,SupInc,0.0,28.0,8.6,0.2,2.21,2.5431425976385107,
50.0,Bas,27.0,85.0,11.8,3.44,6.59,3.893724232707284,
40.0,Bas,16.0,33.0,23.3,2.02,5.67,1.0648596321393997,1.0
22.0,Med,0.0,18.0,3.5,0.33,0.3,4.358353510895884,1.0
40.0,SupInc,15.0,78.0,15.5,3.52,8.57,2.8271112722000726,1.0
18.0,Med,0.0,23.0,10.0,1.12,1.18,1.8699186991869918,
49.0,Med,28.0,93.0,12.8,1.56,10.34,3.7651821862348176,0.0
71.0,Bas,32.0,78.0,4.4,0.69,2.74,5.0,
38.0,Posg,7.0,124.0,19.1,9.52,14.16,2.898550724637681,
24.0,Med,2.0,34.0,2.4,0.27,0.54,5.0,1.0
44.0,SupInc,7.0,115.0,14.4,1.08,15.48,3.714470284237726,0.0
42.0,Med,20.0,117.0,23.3,12.73,14.53,2.3140822784810124,
31.0,Bas,0.0,26.0,3.2,0.34,0.49,5.0,0.0
49.0,SupInc,24.0,90.0,13.9,8.06,4.45,3.4078000757288907,1.0
51.0,Posg,22.0,75.0,7.7,2.05,3.72,5.0,
27.0,SupInc,5.0,27.0,10.5,0.99,1.84,2.0255063765941483,0.0
25.0,SupInc,1.0,16.0,4.5,0.39,0.33,3.0651340996168583,0.0
29.0,Med,0.0,33.0,5.8,0.58,1.34,4.274611398963731,0.0
37.0,Med,2.0,31.0,9.6,1.54,1.44,2.46422893481717,0.0
29.0,Bas,11.0,39.0,3.2,0.57,0.68,5.0,1.0
45.0,SupCom,0.0,81.0,4.1,1.51,1.81,5.0,0.0
39.0,SupInc,9.0,69.0,6.0,0.55,3.59,5.0,
22.0,SupInc,1.0,17.0,25.4,2.38,1.94,0.7692424373754008,
50.0,Posg,22.0,71.0,4.9,1.31,2.17,5.0,1.0
18.0,Med,0.0,18.0,12.7,0.65,1.64,1.200800533689126,0.0
30.0,SupCom,5.0,62.0,2.6,0.7,0.91,5.0,
71.0,Bas,38.01999999999998,352.15999999999985,8.2,15.08,25.68,5.0,1.0
30.0,Med,1.0,39.0,1.0,0.14,0.25,5.0,1.0
43.0,SupInc,13.0,59.0,11.0,1.72,4.77,3.3733562035448825,
19.0,Med,0.0,21.0,2.5,0.03,0.49,5.0,1.0
46.0,SupInc,8.0,119.0,5.6,1.11,5.55,5.0,0.0
26.0,Med,5.0,47.0,6.2,1.83,1.09,5.0,1.0
40.0,SupInc,4.0,87.0,1.2,0.86,0.18,5.0,1.0
29.0,Posg,3.0,55.0,27.1,8.35,6.56,1.309212092358962,0.0
21.0,SupInc,0.0,21.0,10.4,1.54,0.65,1.6679904686258933,0.0
66.0,Bas,38.01999999999998,149.0,13.1,7.79,11.73,4.567749846719803,1.0
26.0,SupInc,5.0,25.0,10.8,1.13,1.57,1.8518518518518519,0.0
20.0,Med,0.0,46.0,12.1,0.95,4.61,2.6047565118912797,1.0
42.0,Med,18.0,176.0,5.6,3.91,5.94,5.0,0.0
37.0,Med,9.0,41.0,2.9,0.11,1.08,5.0,1.0
31.0,SupCom,4.0,36.0,22.4,0.15,7.91,1.1818778726198294,1.0
21.0,SupInc,0.0,26.0,6.9,0.18,1.61,2.991944764096663,1.0
25.0,SupCom,0.0,42.0,14.3,0.76,5.24,2.0689655172413794,1.0
35.0,SupCom,7.0,76.0,7.0,0.56,4.76,5.0,1.0
33.0,Med,4.0,79.0,12.6,8.55,1.4,3.503325942350333,1.0
36.0,Med,1.0,31.0,21.0,0.33,6.18,1.1268629589240278,
44.0,Med,7.0,59.0,8.4,1.77,3.19,4.416167664670659,0.0
33.0,Med,6.0,41.0,2.1,0.03,0.84,5.0,0.0
31.0,SupInc,7.0,53.0,2.7,0.73,0.7,5.0,0.0
33.0,Med,15.0,71.0,14.6,2.79,7.58,2.843412094513416,
23.0,SupInc,0.0,57.0,17.8,2.73,7.42,2.0393559928443645,1.0
28.0,SupCom,3.0,35.0,5.2,0.78,1.04,4.985754985754985,0.0
18.0,Med,0.0,22.0,30.002,3.64,4.9,0.7692424373754008,0.0
20.0,Med,0.0,26.0,4.0,0.39,0.65,5.0,1.0
37.0,Bas,7.0,29.0,4.3,0.17,1.08,5.0,1.0
44.0,SupCom,4.0,15.0,16.6,0.08,2.41,0.785751702462022,1.0
18.0,Bas,0.0,28.0,17.0,1.75,3.01,1.286764705882353,1.0
24.0,SupCom,0.0,35.0,12.1,2.47,1.77,2.141982864137087,1.0
59.0,SupInc,22.0,84.0,16.0,1.85,11.59,2.8532608695652173,1.0
46.0,SupInc,13.0,45.0,22.2,3.33,6.66,1.397949673811743,
53.0,Med,24.0,129.0,2.7,1.01,2.48,5.0,1.0
35.0,SupCom,10.0,53.0,19.0,3.64,6.43,1.823185414516684,1.0
29.0,SupInc,2.0,31.0,6.8,1.41,0.7,3.4792368125701465,0.0
29.0,Med,1.0,36.0,9.3,1.42,1.93,2.8458498023715415,0.0
25.0,SupInc,2.0,19.0,3.4,0.19,0.46,4.691358024691358,1.0
40.0,SupCom,11.0,238.0,7.9,6.34,12.47,5.0,0.0
27.0,SupCom,3.0,20.0,11.0,0.31,1.89,1.5151515151515151,1.0
47.0,Med,6.0,34.0,4.4,0.53,0.97,5.0,0.0
43.0,SupCom,0.0,94.0,19.9,6.32,12.38,2.4352331606217614,0.0
28.0,Bas,8.0,45.0,6.0,0.72,1.98,5.0,1.0
33.0,SupCom,7.0,63.0,16.7,2.81,7.71,2.314474650991918,
30.0,Med,0.0,17.0,4.9,0.41,0.42,2.9668411867364743,0.0
24.0,SupInc,2.0,22.0,5.6,0.08,1.15,3.22108345534407,1.0
26.0,SupInc,0.0,24.0,30.002,4.42,3.26,0.7692424373754008,0.0
28.0,SupCom,2.0,62.0,30.002,3.86,17.71,1.0998758204718821,
41.0,Posg,9.0,87.0,4.4,0.78,3.05,5.0,1.0
18.0,Med,0.0,33.0,8.2,0.84,1.87,3.0247479376718607,1.0
44.0,SupInc,22.0,131.0,7.0,0.83,8.34,5.0,1.0
34.0,Med,6.0,27.0,6.4,0.27,1.46,3.3210332103321036,0.0
36.0,SupCom,12.0,35.0,8.1,1.05,1.78,3.202195791399817,1.0
30.0,SupInc,3.0,34.0,14.3,2.26,2.61,1.7736045905059987,
26.0,Bas,6.0,46.0,9.8,0.34,4.17,3.214535290006988,
40.0,SupInc,17.0,120.0,10.2,4.32,7.92,5.0,0.0
25.0,SupCom,0.0,21.0,22.3,1.68,3.01,0.7780659503519821,0.0
46.0,SupInc,13.0,32.0,11.0,1.19,2.33,2.203856749311295,0.0
23.0,Bas,5.0,26.0,5.3,0.14,1.24,3.8922155688622757,1.0
25.0,Posg,0.0,32.0,14.6,1.45,3.22,1.660612350804359,1.0
19.0,Med,0.0,28.0,11.7,0.82,2.45,1.8704074816299268,1.0
22.0,SupInc,1.0,29.0,15.8,2.94,1.64,1.4229636898920508,0.0
26.0,Posg,0.0,19.0,4.4,0.05,0.78,3.6328871892925427,1.0
19.0,Med,0.0,55.0,7.9,0.61,3.73,4.493464052287582,
33.0,Posg,6.0,121.0,15.1,3.31,14.96,3.6260113874737785,1.0
26.0,Med,4.0,22.0,6.7,0.03,1.44,2.692778457772338,
47.0,Med,16.0,66.0,1.7,0.1,1.02,5.0,
21.0,SupInc,0.0,33.0,9.1,1.05,1.95,2.7272727272727275,1.0
59.0,Bas,33.0,308.0,6.7,7.39,13.25,5.0,1.0
49.0,SupCom,0.0,77.0,2.0,0.21,1.33,5.0,0.0
36.0,Med,10.0,77.0,11.3,1.5,7.2,3.85,0.0
25.0,Posg,0.0,16.0,3.2,0.29,0.22,4.3126684636118595,0.0
22.0,SupCom,0.0,51.0,8.7,1.07,3.37,3.881278538812785,1.0
36.0,Posg,7.0,67.0,8.2,3.1,2.4,4.89051094890511,1.0
42.0,Bas,8.0,43.0,1.3,0.15,0.41,5.0,1.0
41.0,Med,2.0,40.0,7.9,0.31,2.85,3.6166365280289328,0.0
23.0,Med,1.0,26.0,12.8,0.55,2.78,1.6119032858028515,
37.0,Posg,1.0,90.0,1.8,0.25,1.37,5.0,
18.0,Med,0.0,37.0,2.5,0.57,0.36,5.0,0.0
37.0,Med,3.0,38.0,12.3,1.37,3.3,2.239245727754861,1.0
19.0,Med,0.0,28.0,9.1,0.87,1.68,2.40343347639485,1.0
28.0,Med,2.0,24.0,3.7,0.34,0.55,5.0,0.0
21.0,Bas,2.0,25.0,9.8,0.42,2.03,2.0408163265306123,0.0
27.0,SupInc,4.0,40.0,13.2,3.73,1.55,2.1645021645021645,
43.0,SupInc,9.0,57.0,4.5,1.81,0.76,5.0,0.0
29.0,Med,9.0,69.0,6.7,1.07,3.55,5.0,1.0
55.0,Posg,11.0,88.0,12.9,5.11,6.24,3.6288659793814433,1.0
27.0,SupCom,1.0,21.0,14.4,0.52,2.51,1.2048192771084338,1.0
30.0,SupInc,4.0,62.0,14.8,1.53,7.64,2.586566541510221,
28.0,SupInc,3.0,25.0,18.8,1.16,3.54,1.0638297872340425,1.0
21.0,Bas,4.0,44.0,6.4,0.99,1.83,4.772234273318872,0.0
32.0,SupInc,10.0,70.0,3.2,0.85,1.39,5.0,1.0
52.0,Med,9.0,72.0,15.4,4.08,7.01,2.7180067950169873,0.0
18.0,Med,0.0,15.0,12.2,0.37,1.46,1.069137562366358,
28.0,Bas,7.0,32.0,9.2,0.95,2.0,2.6337448559670786,
24.0,Bas,8.0,28.0,6.6,0.26,1.59,3.313609467455622,0.0
36.0,Med,14.0,71.0,6.9,1.43,3.47,5.0,1.0
42.0,SupInc,2.0,22.0,13.6,1.46,1.53,1.3261000602772754,1.0
19.0,Med,0.0,25.0,9.3,1.17,1.15,2.1514629948364887,
26.0,Med,1.0,48.0,11.2,0.16,5.21,2.896801448400724,1.0
27.0,Med,5.0,28.0,5.2,0.5,0.96,4.2042042042042045,1.0
21.0,SupInc,0.0,18.0,12.1,0.59,1.59,1.2605042016806722,
18.0,Med,0.0,21.0,6.6,0.08,1.31,2.6282853566958697,1.0
33.0,SupCom,5.0,27.0,20.6,1.09,4.47,1.0321100917431192,1.0
24.0,Bas,0.0,28.0,1.5,0.2,0.22,5.0,0.0
20.0,Med,0.0,44.0,3.9,1.07,0.65,5.0,1.0
21.0,SupInc,0.0,17.0,7.8,0.21,1.11,1.8640350877192984,1.0
32.0,Med,7.0,40.0,6.2,0.51,1.97,4.6082949308755765,1.0
49.0,SupCom,18.0,182.0,4.8,0.94,7.79,5.0,0.0
33.0,Med,0.0,64.0,10.6,2.69,4.1,3.6802760207015526,1.0
37.0,SupCom,3.0,41.0,14.4,2.03,3.87,2.019704433497537,1.0
28.0,SupInc,1.0,16.0,5.2,0.5,0.33,2.6533996683250414,1.0
59.0,SupInc,7.0,92.0,7.5,3.06,3.84,5.0,1.0
29.0,Med,1.0,39.0,10.3,2.98,1.03,2.7253668763102725,1.0
20.0,SupInc,0.0,20.0,11.3,1.96,0.3,1.4749262536873153,1.0
20.0,SupInc,0.0,27.0,5.1,0.53,0.85,4.166666666666667,0.0
23.0,Bas,5.0,23.0,24.3,3.5,2.08,0.7697456492637215,1.0
48.0,SupInc,4.0,57.0,12.1,2.46,4.43,3.0015797788309637,0.0
41.0,Posg,6.0,190.0,1.9,0.86,2.75,5.0,1.0
19.0,Med,0.0,31.0,10.6,0.99,2.29,2.2334293948126804,1.0
34.0,Med,8.0,30.0,24.3,0.21,7.08,0.9496676163342829,0.0
29.0,SupCom,2.0,45.0,3.0,0.67,0.68,5.0,1.0
22.0,Med,1.0,24.0,16.1,0.8,3.07,1.201802704056084,
26.0,SupCom,1.0,38.0,13.3,0.31,4.74,2.0708446866485013,1.0
38.0,SupCom,12.0,37.0,13.2,3.24,1.65,2.0453289110005533,0.0
25.0,Med,5.0,36.0,2.7,0.53,0.44,5.0,1.0
23.0,SupCom,0.0,30.0,12.8,2.3,1.54,1.8028846153846154,1.0
23.0,Bas,0.0,16.0,17.2,0.91,1.84,0.8020050125313284,1.0
66.0,Med,18.0,70.0,2.8,1.0,0.96,5.0,0.0
28.0,SupCom,4.0,48.0,24.3,3.34,8.33,1.334445371142619,
37.0,Bas,9.0,33.0,1.2,0.11,0.28,5.0,1.0
52.0,SupCom,2.0,96.0,7.1,2.28,4.54,5.0,0.0
27.0,SupCom,3.0,41.0,4.8,0.55,1.41,5.0,0.0
19.0,Med,0.0,21.0,8.1,0.69,1.01,2.1428571428571432,
37.0,SupInc,4.0,53.0,15.5,1.27,6.95,2.2344013490725128,
52.0,SupInc,28.0,352.15999999999985,21.3,15.082099999999999,26.926199999999994,3.6918138041733544,0.0
28.0,Med,3.0,22.0,11.5,0.87,1.66,1.5680684248039916,0.0
37.0,SupCom,10.0,97.0,8.3,2.01,6.04,5.0,1.0
34.0,SupCom,6.0,65.0,14.4,4.98,4.38,2.7356902356902357,
71.0,Bas,18.0,57.0,11.5,2.58,3.97,3.1578947368421053,1.0
27.0,Med,6.0,20.0,13.2,1.44,1.2,1.2626262626262628,1.0
33.0,SupInc,4.0,60.0,9.5,1.61,4.09,3.947368421052632,1.0
30.0,Med,5.0,26.0,14.8,0.97,2.87,1.3948497854077253,0.0
43.0,Med,16.0,119.0,18.1,8.16,13.38,3.002018163471241,0.0
23.0,SupInc,2.0,40.0,21.2,2.65,5.83,1.3477088948787062,0.0
34.0,Med,4.0,49.0,3.1,0.04,1.48,5.0,1.0
45.0,Bas,13.0,65.0,28.6,10.73,7.86,1.3774104683195594,0.0
27.0,SupInc,1.0,28.0,23.5,0.82,5.76,0.9308510638297873,0.0
35.0,SupCom,10.0,44.0,0.699,0.11,0.11,5.0,
33.0,SupInc,3.0,46.0,3.8,0.41,1.34,5.0,0.0
30.0,SupInc,8.0,65.0,8.8,1.92,3.8,4.476584022038567,1.0
19.0,Bas,2.0,21.0,12.0,0.15,2.37,1.4462809917355373,0.0
20.0,SupInc,0.0,27.0,1.0,0.11,0.16,5.0,1.0
42.0,Med,5.0,72.0,19.3,0.25,13.65,2.1686746987951806,1.0
31.0,Med,6.0,26.0,6.5,0.33,1.36,3.174603174603175,1.0
36.0,Posg,3.0,45.0,3.3,0.47,1.02,5.0,1.0
46.0,SupInc,12.0,111.0,5.8,1.09,5.34,5.0,
30.0,Posg,1.0,33.0,7.4,0.63,1.81,3.3536585365853653,1.0
43.0,Med,13.0,62.0,21.9,7.9,5.68,1.7474633596392335,1.0
33.0,Med,3.0,36.0,18.0,2.18,4.3,1.4705882352941175,1.0
30.0,Med,6.0,32.0,1.5,0.19,0.29,5.0,0.0
32.0,SupCom,0.0,38.0,3.7,0.18,1.22,5.0,
41.0,Bas,9.0,29.0,5.6,0.25,1.38,4.011065006915629,0.0
24.0,Med,4.0,39.0,21.5,3.97,4.42,1.3047842087654733,
31.0,Med,3.0,45.0,0.7,0.13,0.19,5.0,0.0
22.0,SupCom,0.0,20.0,6.5,0.6,0.7,2.5641025641025643,0.0
31.0,SupCom,8.0,29.0,6.8,1.12,0.85,3.3067274800456103,1.0
56.0,SupCom,22.0,57.0,2.0,0.49,0.65,5.0,
18.0,Med,0.0,19.0,14.9,0.14,2.7,1.0710259301014655,1.0
30.0,SupInc,8.0,28.0,15.8,1.53,2.9,1.3840830449826989,
44.0,Bas,14.0,68.0,14.9,1.78,8.35,2.7167399121054734,1.0
24.0,Med,5.0,26.0,13.1,1.09,2.32,1.5748031496062993,0.0
51.0,SupInc,29.0,285.0,16.6,14.81,26.926199999999994,4.459396025661086,0.0
18.0,Med,0.0,56.0,15.7,1.84,6.95,2.286647611269906,1.0
18.0,Med,0.0,17.0,11.9,0.17,1.86,1.2203876525484565,1.0
27.0,SupInc,3.0,38.0,9.7,0.44,3.24,2.8400597907324365,1.0
71.0,Med,2.0,39.0,19.4,2.12,5.45,1.446051167964405,1.0
39.0,Med,5.0,39.0,4.2,0.72,0.92,5.0,0.0
46.0,Bas,11.0,61.0,10.4,3.44,2.9,3.643966547192354,0.0
26.0,Bas,5.0,24.0,7.9,0.33,1.56,2.451481103166496,1.0
31.0,Med,11.0,36.0,4.7,0.13,1.57,5.0,0.0
31.0,Bas,10.0,60.0,27.3,6.27,10.11,1.3736263736263736,1.0
35.0,Med,17.0,160.0,13.5,9.07,12.53,4.5584045584045585,0.0
39.0,Bas,12.0,47.0,9.5,1.03,3.43,3.36676217765043,1.0
57.0,Med,36.0,172.0,9.2,3.45,12.37,5.0,
37.0,SupInc,12.0,121.0,13.6,4.69,11.77,4.025282767797738,0.0
32.0,Med,9.0,53.0,14.9,5.81,2.08,2.3255813953488373,
21.0,SupInc,0.0,27.0,2.3,0.22,0.4,5.0,
29.0,Med,5.0,26.0,5.3,0.63,0.75,3.8922155688622757,1.0
70.0,Bas,6.0,22.0,19.9,0.5,3.88,0.9060955518945635,
25.0,Bas,2.0,30.0,22.4,0.76,5.96,1.0302197802197801,0.0
43.0,Med,6.0,40.0,6.6,0.5,2.14,4.329004329004329,1.0
54.0,Med,2.0,32.0,6.7,0.17,1.97,3.6199095022624435,1.0
21.0,Med,3.0,15.0,11.8,0.42,1.35,1.105379513633014,1.0
24.0,SupInc,0.0,17.0,9.2,0.31,1.25,1.579925650557621,1.0
44.0,Bas,22.0,93.0,9.0,4.38,3.99,5.0,
33.0,SupInc,12.0,48.0,3.7,0.93,0.84,5.0,1.0
23.0,Med,2.0,25.0,10.6,0.5,2.15,1.8867924528301887,1.0
18.0,Med,0.0,30.0,8.9,0.23,2.44,2.592912705272256,0.0
62.0,SupInc,12.0,108.0,7.3,1.38,6.5,5.0,
33.0,Bas,9.0,22.0,14.6,0.73,2.48,1.235261089275688,0.0
28.0,Bas,4.0,20.0,13.6,0.53,2.19,1.2254901960784315,1.0
46.0,Bas,2.0,38.0,8.2,0.5,2.62,3.3568904593639575,0.0
49.0,SupInc,12.0,85.0,4.5,2.29,1.53,5.0,
26.0,SupCom,1.0,63.0,11.9,0.94,6.55,3.2490974729241877,1.0
40.0,SupCom,12.0,87.0,5.8,0.54,4.5,5.0,0.0
29.0,Posg,1.0,51.0,1.3,0.28,0.38,5.0,
25.0,Bas,5.0,29.0,2.7,0.16,0.62,5.0,0.0
53.0,Med,34.0,251.0,15.9,12.37,26.926199999999994,4.497401899301201,1.0
33.0,SupInc,8.0,102.0,28.8,7.93,21.44,1.7534811758638473,0.0
49.0,Med,14.0,94.0,6.9,3.79,2.7,5.0,1.0
61.0,SupInc,20.0,38.0,3.2,0.35,0.87,5.0,0.0
18.0,Med,0.0,44.0,9.2,1.25,2.8,3.3207547169811322,0.0
42.0,SupInc,19.0,24.0,15.1,2.0,1.62,1.282051282051282,0.0
24.0,Bas,6.0,21.0,4.5,0.18,0.76,3.8602941176470593,1.0
37.0,Bas,17.0,76.0,12.6,4.18,5.39,3.428055931438881,1.0
19.0,Med,0.0,30.0,4.0,0.52,0.68,5.0,1.0
19.0,Med,0.0,19.0,4.4,0.06,0.77,3.6328871892925427,1.0
51.0,SupInc,2.0,34.0,7.2,1.77,0.68,3.523316062176166,1.0
53.0,SupInc,31.0,120.0,9.0,1.7,9.1,5.0,0.0
23.0,SupInc,1.0,30.0,13.6,2.04,2.04,1.6968325791855203,1.0
50.0,Med,15.0,65.0,12.6,3.05,5.14,3.1265031265031267,0.0
29.0,SupCom,3.0,47.0,2.9,0.53,0.83,5.0,0.0
44.0,SupCom,4.0,65.0,5.8,1.53,2.24,5.0,1.0
30.0,SupInc,7.0,60.0,21.6,5.57,7.39,1.736111111111111,0.0
24.0,Bas,7.0,29.0,13.6,0.64,3.3,1.6533637400228052,1.0
21.0,Bas,1.0,29.0,24.0,2.2,4.76,0.9366925064599483,0.0
29.0,Med,3.0,45.0,14.1,1.68,4.66,2.2015655577299413,0.0
20.0,SupInc,0.0,16.0,3.5,0.23,0.33,3.9408866995073897,1.0
34.0,SupInc,7.0,43.0,30.002,3.92,9.11,0.9923840295407339,1.0
18.0,Med,0.0,35.0,3.9,0.17,1.19,5.0,
39.0,Bas,8.0,41.0,0.699,0.03,0.11,5.0,1.0
31.0,Med,11.0,47.0,26.9,3.51,9.13,1.1886697015680323,0.0
19.0,Med,1.0,20.0,25.9,1.94,3.24,0.7692424373754008,1.0
30.0,SupCom,5.0,222.0,2.9,1.97,4.47,5.0,0.0
34.0,SupInc,12.0,46.0,5.7,0.83,1.79,5.0,
31.0,Med,2.0,45.0,3.1,0.43,0.96,5.0,1.0
21.0,SupInc,0.0,44.0,6.3,1.29,1.48,4.851157662624035,1.0
28.0,SupInc,4.0,23.0,4.9,0.55,0.58,3.814262023217247,1.0
38.0,Bas,17.0,41.0,16.9,3.99,2.94,1.7205203524968526,1.0
48.0,SupInc,15.0,133.0,4.1,1.95,3.5,5.0,1.0
53.0,Med,14.0,67.0,6.1,1.06,3.02,5.0,1.0
32.0,Bas,5.0,35.0,5.8,0.58,1.45,4.469987228607918,
34.0,SupInc,0.0,23.0,6.8,0.69,0.88,2.7479091995221023,0.0
33.0,SupCom,4.0,119.0,15.3,6.57,11.63,3.5522388059701493,1.0
41.0,Med,13.0,50.0,14.2,3.72,3.38,2.347417840375587,
39.0,Med,0.0,38.0,7.5,0.2,2.65,3.671497584541063,
32.0,Bas,9.0,33.0,8.1,1.15,1.52,3.064066852367688,1.0
43.0,Med,14.0,61.0,10.8,2.17,4.41,3.5097813578826234,1.0
34.0,SupCom,2.0,55.0,12.7,4.78,2.21,2.793296089385475,1.0
56.0,Bas,30.0,144.0,8.1,6.4,5.26,5.0,0.0
40.0,Med,5.0,43.0,23.9,3.69,6.59,1.2580456407255705,1.0
26.0,SupCom,1.0,89.0,2.3,0.93,1.12,5.0,0.0
25.0,Med,1.0,19.0,28.6,2.34,3.1,0.7692424373754008,0.0
23.0,SupCom,0.0,28.0,3.1,0.34,0.53,5.0,
26.0,Med,3.0,33.0,2.7,0.53,0.36,5.0,1.0
19.0,Med,0.0,28.0,7.5,1.51,0.59,2.916666666666667,0.0
18.0,Med,0.0,15.0,4.3,0.15,0.45,2.8571428571428568,1.0
70.0,SupCom,30.0,352.15999999999985,9.9,15.082099999999999,25.87,5.0,1.0
29.0,Posg,2.0,25.0,12.0,1.13,1.87,1.6666666666666667,0.0
19.0,Med,0.0,21.0,2.0,0.28,0.14,5.0,0.0
25.0,Med,7.0,27.0,7.6,0.23,1.82,2.797927461139896,
20.0,SupInc,0.0,25.0,5.0,0.13,1.12,4.0,1.0
35.0,Bas,5.0,62.0,8.5,1.99,3.28,4.502541757443718,1.0
63.0,SupInc,8.0,92.0,5.6,0.89,4.27,5.0,1.0
18.0,Med,0.0,34.0,16.3,1.87,3.67,1.5567765567765566,1.0
46.0,SupCom,14.0,57.0,4.7,0.25,2.43,5.0,0.0
62.0,Bas,33.0,96.0,17.5,6.69,10.11,2.798833819241983,1.0
30.0,SupInc,0.0,70.0,6.9,0.37,4.46,5.0,
54.0,SupInc,6.0,70.0,9.5,2.28,4.37,4.3343653250774,1.0
19.0,Med,0.0,20.0,3.1,0.26,0.36,5.0,0.0
28.0,Posg,2.0,18.0,11.9,0.32,1.82,1.282051282051282,1.0
27.0,Bas,5.0,34.0,1.0,0.06,0.28,5.0,
24.0,SupCom,0.0,38.0,1.6,0.03,0.57,5.0,
20.0,SupInc,0.0,19.0,4.5,0.35,0.51,3.5447761194029854,1.0
45.0,SupInc,23.0,55.0,13.3,1.46,5.86,2.667313288069835,1.0
53.0,Bas,9.0,41.0,13.3,2.33,3.12,2.1866666666666665,0.0
45.0,Med,26.0,100.0,7.5,1.7,5.81,5.0,0.0
20.0,SupInc,0.0,24.0,9.4,0.6,1.66,2.058319039451115,1.0
26.0,Bas,10.0,31.0,8.8,0.78,1.95,2.688638334778838,0.0
28.0,Med,8.0,24.0,24.6,4.07,1.83,0.7868852459016393,0.0
62.0,Bas,4.0,27.0,13.2,1.73,1.84,1.6100178890876566,
47.0,SupInc,3.0,69.0,5.2,0.9,2.69,5.0,1.0
23.0,SupCom,0.0,28.0,19.2,1.72,3.66,1.1391375101708707,0.0
38.0,Med,18.0,53.0,5.2,1.2,1.55,5.0,0.0
42.0,Posg,6.0,20.0,15.3,1.43,1.63,1.0893246187363834,1.0
38.0,SupInc,15.0,136.0,20.2,6.76,20.71,2.8529473463394166,1.0
33.0,Bas,11.0,52.0,9.1,0.95,3.79,3.7572254335260116,
21.0,Med,1.0,43.0,14.1,3.38,2.69,2.1318790282597915,1.0
67.0,Med,7.0,58.0,11.4,1.59,5.03,3.218645948945616,
25.0,SupCom,0.0,30.0,4.9,0.2,1.27,4.709576138147566,1.0
22.0,SupCom,0.0,50.0,1.2,0.21,0.39,5.0,0.0
28.0,SupCom,4.0,30.0,13.8,0.68,3.46,1.672240802675585,1.0
33.0,Posg,0.0,46.0,15.7,0.75,6.47,2.0069808027923215,
21.0,Med,0.0,15.0,4.1,0.25,0.37,3.1779661016949152,1.0
40.0,Med,0.0,21.0,30.002,4.35,3.34,0.7692424373754008,1.0
20.0,Med,0.0,34.0,12.9,0.9,3.49,1.9664545980335455,0.0
20.0,Med,0.0,28.0,9.8,0.66,2.09,2.231075697211155,0.0
23.0,SupCom,0.0,36.0,1.1,0.1,0.29,5.0,
23.0,Med,0.0,22.0,9.0,0.71,1.27,2.0036429872495445,0.0
35.0,SupCom,4.0,18.0,4.8,0.32,0.55,3.1746031746031744,
22.0,SupCom,0.0,19.0,7.4,0.78,0.63,2.1566401816118046,0.0
23.0,SupInc,1.0,22.0,14.2,1.56,1.56,1.2702078521939955,1.0
24.0,Med,5.0,60.0,11.2,0.23,6.49,3.3482142857142856,
24.0,SupCom,0.0,49.0,13.6,3.04,3.63,2.4173655648741983,1.0
33.0,SupCom,1.0,23.0,4.2,0.19,0.77,4.457364341085271,0.0
30.0,SupCom,1.0,16.0,8.5,1.08,0.28,1.622718052738337,1.0
43.0,Med,20.0,180.0,7.3,4.2,8.94,5.0,0.0
29.0,SupInc,6.0,28.0,4.9,0.57,0.8,4.4657097288676235,1.0
18.0,Med,0.0,24.0,6.5,0.3,1.26,2.9776674937965257,1.0
21.0,SupInc,0.0,20.0,4.0,0.48,0.32,4.166666666666666,1.0
26.0,SupInc,3.0,18.0,12.9,0.4,1.92,1.1826544021024967,1.0
30.0,Med,4.0,26.0,9.3,0.27,2.15,2.2184300341296925,1.0
63.0,Bas,17.0,103.0,12.3,3.47,9.2,4.124949939927913,1.0
25.0,SupCom,0.0,29.0,15.7,1.83,2.73,1.4313919052319841,1.0
71.0,Med,35.0,131.0,11.6,6.03,9.16,4.889884285181038,
37.0,Med,0.0,37.0,16.2,0.93,5.06,1.6674177557458316,0.0
22.0,SupCom,0.0,27.0,6.0,0.61,1.01,3.543307086614173,
23.0,SupCom,0.0,118.0,6.4,0.29,7.26,5.0,1.0
28.0,Bas,2.0,24.0,1.0,0.11,0.13,5.0,
33.0,SupInc,6.0,77.0,6.2,0.65,4.12,5.0,1.0
20.0,Med,0.0,38.0,7.5,0.36,2.49,3.6714975845410622,1.0
36.0,SupInc,8.0,41.0,11.1,1.57,2.98,2.619808306709265,0.0
36.0,Posg,3.0,69.0,8.3,1.45,4.27,4.921540656205421,1.0
39.0,Bas,22.0,48.0,6.8,1.01,2.26,4.766633565044687,1.0
27.0,Med,1.0,25.0,0.699,0.03,0.12,5.0,1.0
19.0,Bas,3.0,21.0,7.1,0.48,1.01,2.4447031431897557,1.0
38.0,SupCom,13.0,204.0,19.5,15.082099999999999,24.35,3.4412955465587043,
34.0,Bas,6.0,33.0,6.4,0.53,1.59,3.8732394366197176,0.0
32.0,Med,7.0,33.0,24.6,4.14,3.98,1.008557457212714,1.0
19.0,Med,0.0,20.0,5.6,0.16,0.96,2.9761904761904763,0.0
25.0,SupInc,4.0,41.0,18.4,2.01,5.54,1.5799614643545281,1.0
43.0,Med,13.0,62.0,24.2,8.07,6.93,1.5816326530612246,
20.0,SupInc,0.0,21.0,1.3,0.18,0.11,5.0,0.0
23.0,SupCom,0.0,47.0,12.3,2.1,3.68,2.5995575221238933,1.0
34.0,Bas,10.0,41.0,14.5,1.19,4.75,2.00587084148728,1.0
18.0,Med,0.0,18.0,8.0,0.4,1.04,1.906779661016949,1.0
38.0,Bas,14.0,37.0,4.4,0.39,1.23,5.0,1.0
19.0,Med,0.0,28.0,9.7,1.35,1.37,2.2544283413848634,0.0
20.0,SupInc,0.0,18.0,17.4,0.42,2.71,0.8767657087189479,1.0
23.0,SupCom,0.0,42.0,12.2,2.24,2.88,2.4249422632794455,1.0
46.0,Bas,4.0,67.0,3.4,0.76,1.52,5.0,1.0
60.0,SupInc,22.0,60.0,22.3,3.25,10.13,1.6816143497757847,1.0
36.0,SupCom,11.0,42.0,2.8,0.67,0.5,5.0,1.0
24.0,SupCom,0.0,64.0,4.4,0.81,2.01,5.0,1.0
23.0,Bas,6.0,29.0,12.9,0.59,3.15,1.7427884615384615,1.0
27.0,SupCom,2.0,34.0,11.4,2.16,1.72,2.225130890052356,0.0
21.0,Med,1.0,40.0,7.6,1.52,1.52,3.759398496240602,0.0
41.0,SupCom,15.0,89.0,9.2,2.55,5.63,5.0,
39.0,SupCom,14.0,152.0,27.4,13.41,26.926199999999994,2.2013034033309196,1.0
33.0,SupInc,11.0,79.0,10.8,3.08,5.45,4.086911536471805,1.0
26.0,SupInc,0.0,23.0,10.9,1.71,0.8,1.715137956748695,1.0
52.0,SupInc,23.0,153.0,4.5,2.12,4.76,5.0,
33.0,Med,12.0,70.0,5.7,0.83,3.16,5.0,1.0
25.0,Med,4.0,21.0,10.0,1.0,1.1,1.7355371900826446,0.0
28.0,SupCom,2.0,22.0,6.2,0.76,0.61,2.906208718626156,1.0
45.0,Posg,18.0,88.0,9.6,4.04,4.41,4.875346260387811,0.0
71.0,Bas,22.0,56.0,7.8,1.79,2.58,4.6014790468364835,1.0
23.0,SupInc,1.0,28.0,0.699,0.06,0.11,5.0,
40.0,SupInc,4.0,54.0,4.6,1.19,1.29,5.0,0.0
18.0,Med,0.0,16.0,6.0,0.4,0.56,2.2988505747126435,1.0
20.0,Med,0.0,24.0,1.1,0.08,0.19,5.0,0.0
43.0,Bas,22.0,96.0,1.2,0.34,0.81,5.0,1.0
27.0,Posg,0.0,24.0,6.1,0.17,1.3,3.170409511228534,0.0
30.0,Med,4.0,55.0,5.5,1.45,1.57,5.0,1.0
41.0,SupInc,0.0,39.0,29.1,2.16,9.19,0.9641532756489493,0.0
18.0,Med,0.0,22.0,3.4,0.37,0.38,5.0,1.0
38.0,Posg,4.0,66.0,10.7,2.4,4.66,3.7162162162162167,0.0
19.0,Med,0.0,33.0,7.5,0.36,2.11,3.309929789368104,0.0
19.0,Med,0.0,22.0,8.2,0.5,1.3,2.2,1.0
35.0,Med,6.0,26.0,2.5,0.45,0.2,5.0,
23.0,SupCom,0.0,30.0,12.2,2.25,1.41,1.8915510718789408,1.0
23.0,Med,2.0,24.0,1.6,0.05,0.34,5.0,1.0
19.0,Med,0.0,21.0,12.0,0.35,2.17,1.4462809917355373,1.0
37.0,SupInc,2.0,55.0,8.0,1.64,2.76,4.435483870967742,1.0
32.0,Med,12.0,27.0,1.8,0.16,0.32,5.0,
54.0,Med,20.0,82.0,20.0,4.35,12.05,2.2527472527472523,0.0
64.0,SupInc,15.0,227.0,29.9,15.082099999999999,26.926199999999994,2.321775595786028,0.0
19.0,Med,0.0,31.0,28.7,5.36,3.53,0.8246874168661877,1.0
21.0,Bas,4.0,15.0,7.3,0.05,1.04,1.7878426698450536,
64.0,Bas,26.0,56.0,20.3,2.01,9.36,1.768234922639722,
39.0,SupCom,12.0,98.0,1.6,0.16,1.41,5.0,
40.0,Bas,17.0,72.0,7.3,0.95,4.31,5.0,0.0
37.0,SupInc,3.0,57.0,10.8,0.72,5.44,3.360849056603773,1.0
30.0,Bas,11.0,27.0,30.002,1.75,7.56,0.7692424373754008,1.0
37.0,SupCom,13.0,225.0,1.1,1.42,1.06,5.0,1.0
38.0,SupInc,9.0,94.0,21.6,7.0,13.3,2.2434367541766105,1.0
29.0,SupInc,3.0,74.0,3.6,0.58,2.08,5.0,1.0
24.0,SupCom,0.0,18.0,2.9,0.18,0.34,5.0,1.0
38.0,SupCom,14.0,192.0,28.9,5.27,26.926199999999994,2.2751510842516884,1.0
23.0,SupCom,0.0,53.0,3.0,0.63,0.96,5.0,0.0
19.0,Bas,0.0,20.0,11.7,1.17,1.17,1.4245014245014247,0.0
31.0,Med,11.0,41.0,2.0,0.34,0.48,5.0,1.0
29.0,Med,6.0,35.0,3.3,0.2,0.96,5.0,1.0
36.0,Bas,16.0,44.0,7.4,1.96,1.3,4.127579737335835,
41.0,Med,22.0,226.0,17.4,7.12,26.926199999999994,3.98378283095364,1.0
19.0,Med,1.0,24.0,12.3,1.11,1.84,1.5737704918032787,0.0
51.0,SupInc,10.0,144.0,4.9,0.92,6.14,5.0,
29.0,SupCom,5.0,73.0,25.1,2.18,16.14,1.6812528788576693,
27.0,Bas,2.0,24.0,5.8,0.56,0.84,3.3333333333333335,0.0
29.0,SupCom,1.0,50.0,12.1,0.47,5.58,2.7548209366391188,
25.0,SupCom,0.0,35.0,0.699,0.07,0.14,5.0,1.0
19.0,Med,0.0,26.0,5.8,0.59,0.92,3.5567715458276337,0.0
21.0,Med,2.0,22.0,9.2,1.05,0.98,1.9590382902938557,1.0
19.0,Med,0.0,22.0,16.8,1.64,2.06,1.0731707317073171,1.0
37.0,Bas,18.0,36.0,4.8,0.44,1.29,5.0,
40.0,Med,2.0,32.0,3.4,0.18,0.91,5.0,1.0
34.0,Bas,10.0,50.0,5.3,0.58,2.07,5.0,1.0
30.0,Bas,0.0,25.0,5.7,0.48,0.94,3.51123595505618,1.0
20.0,Med,0.0,26.0,8.9,0.5,1.81,2.31935771632471,1.0
28.0,Bas,7.0,43.0,23.4,0.27,9.79,1.2851165570830845,
18.0,Med,0.0,19.0,6.4,0.4,0.82,2.4934383202099735,1.0
54.0,Bas,22.0,49.0,5.2,0.76,1.79,5.0,0.0
22.0,SupCom,0.0,26.0,6.0,0.03,1.54,3.4391534391534395,1.0
63.0,Bas,22.0,61.0,13.5,1.83,6.41,2.80588776448942,0.0
29.0,Med,3.0,42.0,9.3,1.77,2.14,3.1794095382286143,0.0
41.0,Med,9.0,77.0,7.5,3.11,2.67,5.0,1.0
37.0,Med,4.0,32.0,3.2,0.14,0.88,5.0,
56.0,Med,9.0,41.0,12.5,1.79,3.33,2.326901248581158,1.0
19.0,Med,0.0,35.0,9.3,0.94,2.32,2.7866242038216558,1.0
20.0,Med,0.0,19.0,5.9,0.07,1.05,2.7065527065527064,1.0
26.0,SupCom,1.0,35.0,7.0,1.21,1.24,3.7037037037037033,
18.0,Med,0.0,29.0,25.9,2.39,5.12,0.8680035917390004,
29.0,Med,10.0,50.0,9.8,2.91,1.99,3.401360544217687,1.0
55.0,Posg,25.0,73.0,19.1,5.8,8.14,2.2094430992736074,1.0
20.0,SupInc,0.0,58.0,2.8,0.46,1.17,5.0,
20.0,SupInc,0.0,29.0,11.7,1.25,2.14,1.9218025182239895,1.0
34.0,SupCom,1.0,40.0,17.6,1.68,5.36,1.6233766233766234,1.0
26.0,SupCom,0.0,36.0,17.9,3.02,3.43,1.4784394250513349,0.0
22.0,Med,3.0,45.0,11.1,1.85,3.15,2.7950310559006213,1.0
24.0,SupInc,1.0,33.0,14.0,0.06,4.56,1.7722878625134264,1.0
34.0,SupCom,9.0,58.0,28.4,4.97,11.5,1.2926231334967686,
30.0,SupCom,4.0,64.0,14.1,2.83,6.19,2.7681660899653977,0.0
19.0,Med,0.0,24.0,15.6,0.75,3.0,1.2403100775193798,1.0
40.0,Bas,3.0,21.0,5.3,0.09,1.02,3.2761310452418098,0.0
41.0,Med,14.0,76.0,18.0,9.18,4.5,2.3989898989898992,0.0
24.0,SupCom,0.0,64.0,13.0,3.98,4.34,3.0018761726078798,0.0
22.0,SupCom,0.0,76.0,7.7,3.62,2.24,5.0,
30.0,Med,8.0,65.0,9.2,2.45,3.53,4.281949934123848,1.0
26.0,Med,6.0,38.0,10.6,2.57,1.46,2.5974025974025974,1.0
59.0,Bas,31.0,86.0,6.8,1.61,4.23,5.0,
25.0,SupInc,3.0,36.0,10.2,0.52,3.15,2.5955299206921416,
24.0,SupCom,0.0,25.0,5.7,0.64,0.79,3.506311360448808,1.0
66.0,SupInc,6.0,61.0,7.7,1.2,3.49,4.923325262308313,1.0
22.0,SupCom,0.0,32.0,3.8,0.71,0.5,5.0,1.0
20.0,Med,1.0,37.0,7.1,0.97,1.66,3.8026721479958887,0.0
43.0,Med,7.0,53.0,3.7,0.85,1.11,5.0,0.0
28.0,Posg,1.0,77.0,0.699,0.06,0.11,5.0,
53.0,Posg,16.0,51.0,4.1,0.95,1.14,5.0,0.0
26.0,Bas,4.0,34.0,19.0,0.67,5.79,1.3354281225451687,
42.0,Bas,15.0,60.0,6.1,2.01,1.65,5.0,
25.0,SupCom,1.0,66.0,4.2,0.55,2.22,5.0,1.0
61.0,Bas,26.0,78.0,5.0,0.2,3.7,5.0,
18.0,Med,0.0,25.0,6.2,0.62,0.93,3.225806451612903,1.0
27.0,SupInc,3.0,26.0,2.0,0.04,0.48,5.0,
20.0,Med,0.0,17.0,7.3,0.57,0.67,1.9906323185011707,0.0
69.0,SupCom,7.0,75.0,13.5,1.03,9.09,3.175275190516512,1.0
46.0,SupInc,2.0,27.0,12.1,0.55,2.72,1.7566688353936237,
19.0,Med,0.0,26.0,17.2,2.65,1.82,1.1998154130133827,1.0
27.0,Med,9.0,31.0,6.3,0.27,1.69,3.7530266343825667,1.0
30.0,Posg,2.0,21.0,10.4,1.16,1.03,1.6679904686258935,0.0
28.0,Bas,4.0,25.0,6.5,0.21,1.41,3.078817733990148,0.0
36.0,Med,4.0,34.0,16.8,1.16,4.55,1.5104398045313192,0.0
48.0,Med,5.0,43.0,6.9,2.26,0.7,4.36105476673428,1.0
25.0,SupCom,1.0,15.0,8.9,0.56,0.78,1.46484375,1.0
24.0,Med,0.0,36.0,8.5,1.47,1.59,3.1141868512110724,1.0
39.0,Posg,1.0,185.0,7.0,10.45,2.5,5.0,
71.0,Bas,38.01999999999998,289.0,8.4,7.84,16.43,5.0,1.0
43.0,Med,3.0,53.0,9.8,1.51,3.69,3.533333333333333,0.0
39.0,SupCom,4.0,84.0,3.4,0.41,2.45,5.0,1.0
24.0,Med,5.0,37.0,5.7,0.48,1.63,4.737516005121639,1.0
31.0,Med,0.0,34.0,4.2,0.71,0.71,5.0,1.0
18.0,Med,0.0,23.0,11.5,0.66,1.98,1.6265912305516266,1.0
23.0,SupInc,0.0,16.0,7.8,0.35,0.9,1.7679558011049723,
34.0,Med,6.0,41.0,7.5,1.09,1.98,3.878902554399243,
28.0,Posg,0.0,33.0,7.8,0.83,1.74,3.1822565091610415,0.0
66.0,Med,38.01999999999998,152.0,9.0,5.06,8.62,5.0,0.0
26.0,SupCom,2.0,19.0,3.8,0.11,0.62,4.194260485651215,
27.0,SupInc,3.0,68.0,24.9,5.23,11.7,1.6256275400430313,0.0
18.0,Med,0.0,15.0,8.2,0.15,0.83,1.3071895424836601,1.0
45.0,SupCom,16.0,53.0,5.7,0.93,2.09,5.0,0.0
28.0,Med,4.0,25.0,30.002,1.04,7.66,0.7692424373754008,0.0
36.0,Med,16.0,50.0,3.5,0.75,1.0,5.0,
42.0,SupCom,14.0,55.0,9.1,1.49,3.51,3.900709219858156,
30.0,SupInc,4.0,28.0,8.2,0.4,1.9,2.6666666666666665,0.0
37.0,SupInc,15.0,65.0,5.0,1.3,1.95,5.0,1.0
18.0,Med,0.0,20.0,19.0,1.33,2.47,0.8771929824561404,
25.0,SupCom,1.0,75.0,11.1,2.65,5.68,3.8600102933607823,1.0
44.0,SupCom,21.0,314.0,4.7,3.5,11.26,5.0,1.0
22.0,SupInc,0.0,15.0,2.5,0.26,0.11,4.912280701754386,1.0
23.0,Med,3.0,66.0,2.7,0.79,0.99,5.0,
25.0,Med,6.0,18.0,16.3,1.86,1.07,0.9360374414976599,
39.0,SupCom,16.0,47.0,16.5,4.16,3.6,1.9373454245671886,1.0
58.0,SupCom,26.0,132.0,2.4,0.98,2.19,5.0,0.0
35.0,SupInc,0.0,36.0,4.7,0.55,1.15,5.0,0.0
32.0,SupInc,3.0,86.0,7.9,2.2,4.59,5.0,1.0
30.0,Posg,3.0,40.0,16.9,2.22,4.54,1.69061707523246,
29.0,Med,4.0,48.0,10.8,2.96,2.22,3.003754693366708,
19.0,Med,0.0,20.0,0.699,0.03,0.11,5.0,0.0
64.0,Posg,34.0,116.0,14.7,5.05,12.0,3.6535433070866143,0.0
51.0,SupInc,9.0,96.0,16.8,0.58,15.55,2.915274825387185,1.0
31.0,Med,3.0,24.0,12.9,0.74,2.36,1.5,1.0
20.0,SupInc,0.0,77.0,9.6,3.85,3.54,4.532077692760447,1.0
45.0,Med,24.0,86.0,9.7,1.74,6.6,4.767184035476719,0.0
20.0,SupInc,0.0,20.0,13.5,0.59,2.11,1.234567901234568,1.0
23.0,SupCom,0.0,35.0,15.0,0.4,4.85,1.728395061728395,0.0
38.0,Posg,2.0,229.0,6.7,3.94,11.4,5.0,0.0
37.0,SupCom,3.0,28.0,18.1,1.0,4.06,1.2089810017271156,
21.0,SupInc,0.0,35.0,22.7,2.13,5.82,1.1419249592169658,0.0
23.0,SupInc,0.0,25.0,4.2,0.16,0.89,4.761904761904762,0.0
41.0,Med,12.0,58.0,13.1,3.78,3.81,2.8032866118898023,1.0
34.0,Posg,5.0,186.0,11.3,7.46,13.56,5.0,1.0
20.0,Med,0.0,23.0,23.6,3.54,1.89,0.792283844299001,
21.0,Med,0.0,21.0,6.3,0.83,0.49,2.7559055118110236,0.0
24.0,SupCom,0.0,44.0,13.5,2.38,3.56,2.263374485596708,0.0
56.0,Med,37.0,160.0,11.4,6.77,11.47,5.0,1.0
24.0,Bas,4.0,24.0,18.0,1.64,2.68,1.075268817204301,1.0
31.0,Posg,2.0,19.0,15.9,0.94,2.08,1.004228329809725,0.0
52.0,Bas,30.0,125.0,15.7,8.32,11.3,3.539071347678369,
31.0,SupCom,8.0,47.0,24.6,5.98,5.58,1.2997787610619467,0.0
19.0,Med,0.0,23.0,18.4,0.98,3.25,1.0163499779054352,
34.0,SupInc,8.0,83.0,11.0,1.85,7.28,4.123199205166419,1.0
56.0,SupCom,14.0,206.0,27.9,15.082099999999999,26.926199999999994,2.4127430311548372,
42.0,Bas,2.0,38.0,3.6,0.39,0.98,5.0,1.0
21.0,SupInc,0.0,15.0,6.1,0.07,0.84,2.1398002853067046,
46.0,SupInc,2.0,56.0,2.3,0.41,0.87,5.0,1.0
50.0,SupCom,23.0,104.0,4.8,0.93,4.06,5.0,1.0
35.0,SupCom,0.0,84.0,3.4,1.18,1.67,5.0,0.0
51.0,Bas,23.0,47.0,2.2,0.34,0.69,5.0,1.0
56.0,Med,34.0,352.15999999999985,2.3,3.88,7.05,5.0,1.0
32.0,SupInc,7.0,34.0,10.7,0.52,3.12,2.370990237099024,1.0
22.0,SupCom,0.0,56.0,2.8,0.41,1.16,5.0,1.0
43.0,Med,10.0,92.0,14.7,3.85,9.67,3.260099220411056,
64.0,Med,24.0,83.0,8.4,0.17,6.8,5.0,1.0
42.0,SupCom,7.0,130.0,11.6,3.33,11.75,4.872563718140929,1.0
30.0,Med,0.0,25.0,7.4,0.26,1.59,2.7027027027027026,
48.0,Med,22.0,196.0,10.5,7.41,13.17,5.0,1.0
51.0,Med,9.0,82.0,14.6,1.5,10.48,3.0850263355906695,1.0
23.0,Med,1.0,30.0,21.5,1.63,4.82,1.073345259391771,1.0
34.0,Med,4.0,46.0,5.5,0.7,1.83,5.0,1.0
39.0,Med,7.0,82.0,17.4,3.71,10.56,2.5892011367224503,1.0
48.0,SupInc,13.0,153.0,2.3,1.77,1.75,5.0,1.0
65.0,Med,38.0,352.0,2.5,0.39,8.41,5.0,0.0
19.0,Med,0.0,43.0,21.2,3.43,5.69,1.4182058047493404,0.0
39.0,SupCom,12.0,82.0,6.2,1.79,3.29,5.0,0.0
39.0,SupCom,8.0,259.0,7.2,1.55,17.1,5.0,1.0
30.0,SupCom,3.0,38.0,11.9,0.8,3.73,2.3128423615337796,
58.0,SupCom,24.0,70.0,6.8,2.3,2.46,5.0,1.0
37.0,Bas,5.0,21.0,14.5,0.71,2.33,1.1972633979475484,1.0
42.0,SupCom,17.0,54.0,10.3,0.29,5.27,3.4047919293820934,1.0
30.0,SupCom,4.0,30.0,9.2,0.89,1.87,2.5083612040133776,1.0
24.0,SupCom,0.0,49.0,5.0,0.87,1.58,5.0,0.0
65.0,SupCom,29.0,189.0,5.0,3.36,6.09,5.0,0.0
69.0,Bas,4.0,25.0,7.1,0.48,1.3,2.815315315315315,1.0
29.0,Med,0.0,21.0,12.4,0.38,2.22,1.4,0.0
54.0,SupCom,0.0,66.0,9.6,1.98,4.35,4.143126177024482,1.0
59.0,SupCom,20.0,144.0,3.4,2.49,2.4,5.0,0.0
42.0,Med,3.0,76.0,5.2,0.72,3.23,5.0,0.0
36.0,Med,16.0,96.0,12.2,5.42,6.29,4.015056461731493,
62.0,SupCom,31.0,352.15999999999985,15.0,5.4,26.926199999999994,5.0,0.0
46.0,Bas,13.0,94.0,15.7,8.31,6.45,3.086014445173999,0.0
27.0,SupCom,1.0,32.0,15.4,2.15,2.77,1.574803149606299,
58.0,Med,19.0,114.0,6.4,0.28,7.02,5.0,1.0
52.0,SupInc,17.0,125.0,0.699,0.4,0.22,5.0,
25.0,Posg,0.0,130.0,5.8,1.24,6.3,5.0,0.0
22.0,SupInc,0.0,45.0,13.6,1.87,4.25,2.2819472616632863,
62.0,SupCom,26.0,87.0,16.2,4.82,9.27,2.872235061076263,
47.0,Med,23.0,46.0,11.7,0.84,4.54,2.6932084309133493,0.0
71.0,Med,38.01999999999998,352.15999999999985,4.1,3.11,13.7,5.0,0.0
49.0,SupInc,3.0,28.0,6.9,0.85,1.09,3.167420814479638,1.0
36.0,Posg,9.0,108.0,6.5,3.62,3.4,5.0,
34.0,SupInc,5.0,44.0,5.6,0.74,1.72,5.0,
20.0,SupInc,0.0,21.0,9.3,0.35,1.6,1.8666666666666667,1.0
36.0,SupCom,8.0,58.0,17.2,1.28,8.7,2.1339220014716704,
25.0,SupInc,3.0,43.0,15.6,3.68,3.03,1.927386822052891,0.0
35.0,SupInc,2.0,27.0,0.8,0.1,0.11,5.0,
36.0,Bas,12.0,55.0,5.8,1.2,1.99,5.0,
31.0,SupCom,1.0,43.0,7.9,2.49,0.9,3.808680248007086,1.0
25.0,Med,6.0,29.0,5.9,0.64,1.07,3.8107752956636003,1.0
18.0,Med,0.0,19.0,7.0,0.28,1.05,2.280912364945978,1.0
34.0,Bas,10.0,96.0,5.4,1.65,3.53,5.0,1.0
30.0,SupInc,6.0,20.0,9.7,0.51,1.43,1.718213058419244,0.0
47.0,Bas,17.0,47.0,18.9,3.77,5.12,1.6912558474271322,
34.0,SupInc,3.0,47.0,7.0,1.32,1.97,4.567541302235179,1.0
21.0,SupInc,0.0,23.0,3.9,0.31,0.59,4.791666666666667,
25.0,SupInc,3.0,27.0,16.9,1.09,3.48,1.2575687005123428,1.0
19.0,Med,0.0,23.0,8.8,1.11,0.92,2.123730378578024,
34.0,Bas,11.0,54.0,10.6,3.12,2.6,3.3088235294117645,
19.0,Med,0.0,22.0,1.8,0.1,0.29,5.0,0.0
26.0,SupInc,4.0,23.0,8.2,0.35,1.54,2.2794846382556986,0.0
26.0,Med,2.0,30.0,30.002,5.49,6.72,0.7692424373754008,1.0
25.0,SupInc,1.0,27.0,12.7,0.03,3.39,1.6749379652605463,0.0
20.0,SupInc,0.0,39.0,15.0,1.42,4.43,1.870503597122302,1.0
39.0,Posg,3.0,42.0,15.2,3.08,3.31,1.9453450671607226,
27.0,SupInc,0.0,63.0,1.0,0.32,0.32,5.0,
23.0,Med,3.0,25.0,2.5,0.17,0.45,5.0,1.0
41.0,Bas,11.0,36.0,10.2,1.37,2.31,2.593659942363112,0.0
27.0,SupCom,2.0,31.0,3.9,0.56,0.65,5.0,1.0
59.0,SupInc,11.0,55.0,10.0,1.4,4.1,3.5483870967741935,
24.0,Bas,5.0,27.0,10.0,1.29,1.41,2.125984251968504,1.0
26.0,SupInc,2.0,21.0,8.2,0.54,1.18,2.116935483870968,
56.0,Bas,20.0,81.0,12.1,1.25,8.55,3.6986301369863015,0.0
30.0,SupCom,2.0,61.0,2.9,0.64,1.13,5.0,
62.0,Med,24.0,199.0,4.7,3.4,5.95,5.0,0.0
21.0,SupInc,0.0,27.0,16.5,1.16,3.3,1.2881679389312977,1.0
39.0,Med,0.0,36.0,7.5,0.87,1.83,3.5294117647058827,1.0
34.0,SupInc,7.0,30.0,14.2,0.93,3.33,1.6251354279523293,1.0
32.0,Med,12.0,61.0,8.2,0.3,4.71,4.617713853141559,
36.0,Med,2.0,27.0,9.3,0.74,1.78,2.284263959390863,0.0
38.0,SupCom,6.0,25.0,30.002,2.21,5.61,0.7692424373754008,
47.0,SupCom,17.0,61.0,7.5,3.12,1.45,5.0,1.0
34.0,Med,9.0,62.0,8.0,0.4,4.56,4.78395061728395,
22.0,SupCom,0.0,55.0,27.4,6.22,8.85,1.2950317871438664,
21.0,SupInc,0.0,39.0,18.5,5.21,2.01,1.516329704510109,
22.0,Bas,1.0,24.0,19.9,1.16,3.62,0.9724473257698542,1.0
36.0,Med,5.0,50.0,0.8,0.12,0.28,5.0,
31.0,SupCom,3.0,22.0,4.6,0.23,0.79,3.9145907473309607,1.0
52.0,Med,22.0,87.0,11.3,0.71,9.12,4.117368670137245,0.0
25.0,Med,1.0,16.0,2.1,0.15,0.19,5.0,1.0
32.0,Med,12.0,75.0,7.1,1.55,3.78,5.0,
25.0,Med,5.0,18.0,12.6,0.11,2.15,1.2113055181695829,1.0
33.0,SupCom,5.0,35.0,5.2,0.58,1.24,4.985754985754985,1.0
42.0,Med,19.0,63.0,20.4,5.31,7.54,1.894736842105263,1.0
46.0,Bas,20.0,48.0,2.7,0.94,0.36,5.0,0.0
54.0,SupCom,4.0,69.0,12.0,1.18,7.1,3.4023668639053253,0.0
62.0,Posg,31.0,352.15999999999985,5.9,6.6,26.926199999999994,5.0,
29.0,Med,8.0,35.0,21.1,1.65,5.73,1.228932584269663,0.0
54.0,SupInc,2.0,35.0,6.4,0.93,1.31,4.050925925925926,
31.0,SupCom,0.0,41.0,3.8,1.11,0.44,5.0,0.0
70.0,Med,27.0,92.0,9.3,3.01,5.54,5.0,0.0
28.0,Bas,7.0,52.0,22.1,6.78,4.71,1.548079785650491,1.0
32.0,SupInc,5.0,52.0,5.9,1.35,1.72,5.0,1.0
45.0,SupInc,19.0,286.0,5.0,4.53,9.77,5.0,1.0
29.0,SupCom,2.0,55.0,15.6,1.48,7.1,2.2746071133167907,1.0
46.0,Bas,6.0,37.0,30.002,2.34,9.35,0.8547008547008548,1.0
41.0,Med,17.0,68.0,9.6,3.06,3.47,4.215747055176689,
22.0,SupInc,0.0,29.0,19.7,1.68,4.03,1.1412829594647775,0.0
47.0,Med,13.0,58.0,3.5,0.62,1.41,5.0,1.0
53.0,Med,4.0,35.0,1.5,0.08,0.45,5.0,0.0
36.0,Med,4.0,57.0,4.2,0.69,1.7,5.0,0.0
23.0,Med,2.0,34.0,3.3,0.22,0.9,5.0,
24.0,SupCom,0.0,27.0,4.2,0.44,0.69,5.0,1.0
30.0,Bas,13.0,42.0,15.3,0.94,5.48,1.9337016574585633,1.0
26.0,SupInc,0.0,31.0,3.1,0.1,0.86,5.0,1.0
42.0,SupCom,6.0,49.0,14.7,2.85,4.36,2.236421725239617,
40.0,SupInc,18.0,84.0,6.2,0.94,4.27,5.0,1.0
35.0,Med,14.0,62.0,8.2,0.6,4.48,4.668674698795181,1.0
25.0,SupCom,0.0,68.0,4.5,1.13,1.93,5.0,1.0
31.0,SupInc,5.0,25.0,6.8,0.43,1.27,2.9411764705882355,1.0
23.0,Med,2.0,35.0,5.8,0.46,1.57,4.469987228607918,0.0
20.0,Bas,1.0,22.0,10.1,0.14,2.08,1.7857142857142856,1.0
23.0,SupCom,0.0,19.0,1.4,0.18,0.11,5.0,1.0
57.0,Bas,26.0,78.0,5.8,1.24,3.28,5.0,1.0
46.0,SupInc,20.0,122.0,6.7,2.89,5.28,5.0,1.0
19.0,Med,0.0,30.0,24.3,0.53,6.76,0.9496676163342829,0.0
34.0,Med,13.0,50.0,16.6,6.76,1.54,2.0080321285140563,1.0
38.0,SupCom,14.0,98.0,16.5,1.34,14.83,2.999693908784818,1.0
47.0,SupInc,8.0,43.0,11.8,2.27,2.8,2.5489033787788973,
22.0,SupCom,0.0,24.0,8.0,0.64,1.28,2.4193548387096775,0.0
32.0,SupInc,10.0,38.0,11.5,1.05,3.32,2.3944549464398235,
18.0,Med,0.0,22.0,1.5,0.13,0.2,5.0,0.0
41.0,SupCom,6.0,87.0,3.7,1.02,2.2,5.0,1.0
20.0,SupInc,0.0,23.0,1.0,0.03,0.21,5.0,
23.0,SupInc,2.0,47.0,14.6,2.94,3.93,2.1891010712622263,
27.0,SupInc,4.0,41.0,6.1,1.65,0.85,4.767441860465117,0.0
29.0,SupInc,7.0,21.0,5.9,0.8,0.44,2.941176470588235,0.0
39.0,SupInc,4.0,78.0,14.0,7.21,3.71,3.1300160513643656,0.0
65.0,Med,0.0,57.0,6.2,1.68,1.86,5.0,0.0
64.0,Med,38.01999999999998,267.0,13.2,15.082099999999999,18.29,5.0,1.0
30.0,SupCom,4.0,39.0,10.6,2.39,1.74,2.6476578411405294,1.0
30.0,SupCom,2.0,27.0,10.6,0.74,2.13,2.00445434298441,0.0
39.0,SupCom,14.0,46.0,6.5,0.5,2.49,4.847207586933615,1.0
23.0,Bas,5.0,48.0,18.0,1.05,7.59,1.8018018018018018,0.0
23.0,Bas,3.0,41.0,5.5,0.67,1.58,5.0,1.0
48.0,Bas,0.0,28.0,2.6,0.12,0.61,5.0,
41.0,SupCom,15.0,127.0,18.2,15.082099999999999,4.99,3.074316146211571,
30.0,Bas,13.0,38.0,4.6,0.34,1.41,5.0,0.0
41.0,Bas,15.0,55.0,12.2,4.13,2.58,2.9085140137493397,1.0
32.0,SupCom,0.0,37.0,3.1,0.59,0.55,5.0,
56.0,Bas,3.0,38.0,18.7,3.72,3.39,1.4722975590856258,1.0
45.0,SupCom,16.0,219.0,1.0,0.96,1.23,5.0,0.0
30.0,Bas,2.0,18.0,3.0,0.07,0.47,5.0,1.0
21.0,SupInc,0.0,23.0,6.8,0.69,0.87,2.751196172248804,1.0
23.0,Med,1.0,29.0,16.7,2.51,2.33,1.3463324048282266,
71.0,SupCom,26.0,146.0,12.6,2.12,16.28,4.709677419354839,1.0
28.0,SupInc,4.0,58.0,12.6,2.48,4.83,2.9131089904570566,
27.0,Med,3.0,28.0,4.2,0.54,0.64,5.0,0.0
68.0,Med,0.0,22.0,12.5,1.05,1.7,1.4426229508196722,1.0
47.0,SupInc,14.0,36.0,0.9,0.08,0.24,5.0,0.0
57.0,SupInc,7.0,43.0,20.8,2.5,6.45,1.4453781512605042,1.0
21.0,Med,2.0,33.0,6.4,0.84,1.27,3.8777908343125733,
28.0,SupCom,1.0,175.0,19.4,7.03,26.92,3.280224929709466,0.0
47.0,Posg,8.0,33.0,15.4,1.71,3.37,1.611328125,1.0
23.0,SupInc,0.0,33.0,1.7,0.24,0.32,5.0,0.0
68.0,Med,11.0,84.0,6.1,1.36,3.77,5.0,0.0
22.0,SupCom,0.0,21.0,11.8,0.67,1.81,1.4705882352941175,1.0
33.0,SupCom,4.0,24.0,27.7,3.2,3.44,0.7692424373754008,1.0
28.0,Med,2.0,26.0,23.6,0.74,5.4,0.8742434431741761,1.0
32.0,Med,2.0,30.0,9.4,1.18,1.64,2.454991816693944,
18.0,Med,0.0,21.0,21.8,1.44,3.14,0.7960576194086428,0.0
27.0,Bas,6.0,20.0,14.3,0.38,2.48,1.1655011655011656,1.0
50.0,SupCom,27.0,181.0,2.3,1.79,2.37,5.0,1.0
30.0,SupCom,5.0,109.0,7.8,1.39,7.11,5.0,1.0
44.0,Bas,9.0,37.0,18.4,2.92,3.89,1.4676715589051963,1.0
71.0,Med,38.01999999999998,187.0,9.2,4.71,12.49,5.0,1.0
34.0,SupInc,0.0,24.0,9.4,0.08,2.18,2.058319039451115,1.0
18.0,Med,0.0,15.0,8.0,0.22,0.98,1.6304347826086956,1.0
41.0,Med,10.0,29.0,4.2,0.47,0.74,5.0,1.0
20.0,SupInc,0.0,30.0,10.6,2.53,0.65,2.177068214804064,0.0
33.0,Med,9.0,34.0,12.7,3.16,1.16,1.9976498237367804,0.0
26.0,Bas,2.0,23.0,2.5,0.03,0.54,5.0,0.0
18.0,Med,0.0,26.0,7.3,0.64,1.26,2.8260869565217392,1.0
60.0,Bas,31.0,170.0,8.0,8.77,4.83,5.0,1.0
35.0,Bas,5.0,40.0,10.5,0.91,3.29,2.7210884353741496,
51.0,Med,19.0,47.0,22.7,3.28,7.39,1.4084507042253522,0.0
23.0,SupCom,0.0,62.0,3.0,0.56,1.3,5.0,
26.0,SupInc,3.0,66.0,4.0,0.19,2.45,5.0,
35.0,SupInc,3.0,54.0,11.0,1.16,4.78,3.187721369539551,1.0
45.0,Bas,12.0,57.0,1.0,0.34,0.23,5.0,1.0
39.0,SupInc,7.0,39.0,12.2,0.71,4.04,2.3008849557522124,1.0
43.0,SupInc,8.0,49.0,6.0,0.87,2.07,5.0,1.0
44.0,Med,11.0,50.0,22.0,2.11,8.89,1.5151515151515151,0.0
33.0,SupCom,5.0,321.0,2.5,4.36,3.67,5.0,1.0
18.0,Med,0.0,15.0,5.5,0.46,0.31,2.2328548644338118,1.0
25.0,Bas,0.0,19.0,8.0,0.85,0.67,1.995798319327731,1.0
31.0,SupInc,1.0,28.0,2.0,0.17,0.39,5.0,1.0
61.0,Bas,0.0,25.0,30.002,3.42,4.83,0.7692424373754008,1.0
31.0,SupInc,9.0,23.0,7.8,0.45,1.35,2.3958333333333335,0.0
29.0,SupCom,1.0,26.0,6.6,0.51,1.21,3.125,0.0
18.0,Med,0.0,15.0,7.4,0.83,0.28,1.7626321974148063,
18.0,Bas,0.0,20.0,3.9,0.37,0.41,4.273504273504273,
25.0,Med,1.0,20.0,2.5,0.17,0.33,5.0,1.0
19.0,Med,0.0,26.0,14.3,0.52,3.2,1.4428412874583796,1.0
40.0,Bas,22.0,141.0,11.0,5.06,10.45,5.0,1.0
21.0,Med,1.0,29.0,0.9,0.03,0.24,5.0,0.0
19.0,Med,0.0,36.0,6.7,0.89,1.52,3.9517014270032935,
40.0,SupInc,7.0,53.0,12.4,1.48,5.09,2.79388508170796,1.0
23.0,SupInc,0.0,32.0,7.9,1.22,1.3,3.0710172744721684,1.0
33.0,Med,13.0,54.0,16.2,2.88,5.87,2.164328657314629,1.0
23.0,Med,0.0,27.0,17.6,2.13,2.62,1.2080536912751678,1.0
39.0,Med,17.0,90.0,6.8,3.45,2.67,5.0,
42.0,Med,1.0,50.0,9.6,2.6,2.2,3.4722222222222228,1.0
24.0,SupInc,0.0,23.0,7.4,0.24,1.46,2.527472527472527,
19.0,Med,1.0,21.0,7.9,1.1,0.55,2.1989528795811517,0.0
27.0,Med,3.0,26.0,2.6,0.09,0.58,5.0,0.0
36.0,Med,3.0,28.0,4.9,0.26,1.12,4.45859872611465,1.0
32.0,SupInc,4.0,37.0,3.1,0.32,0.83,5.0,
65.0,Med,25.0,48.0,7.7,2.81,0.88,4.214223002633889,1.0
21.0,Med,1.0,20.0,20.3,0.41,3.65,0.8210180623973727,0.0
38.0,Med,16.0,71.0,6.6,1.54,3.15,5.0,1.0
40.0,SupCom,5.0,62.0,8.0,1.49,3.47,4.78395061728395,1.0
43.0,SupInc,13.0,71.0,4.2,1.41,1.57,5.0,
19.0,Med,0.0,19.0,3.3,0.1,0.52,4.846938775510204,1.0
35.0,Med,9.0,43.0,14.9,2.52,3.89,2.0178320037541058,0.0
19.0,Bas,3.0,22.0,10.9,0.47,1.93,1.6541353383458646,
43.0,SupInc,13.0,82.0,9.9,1.78,6.34,4.550499445061043,0.0
21.0,Med,1.0,33.0,13.1,1.31,3.01,1.8943742824339838,1.0
26.0,Med,5.0,42.0,10.6,2.13,2.32,2.7906976744186047,0.0
35.0,Med,15.0,66.0,3.3,1.05,1.12,5.0,1.0
43.0,Bas,4.0,26.0,12.9,1.53,1.82,1.6,0.0
19.0,Med,0.0,20.0,1.2,0.03,0.21,5.0,1.0
18.0,Med,0.0,22.0,10.5,0.3,2.01,1.7174082747853239,1.0
22.0,SupInc,1.0,27.0,9.8,0.25,2.4,2.1686746987951806,0.0
32.0,Posg,0.0,22.0,14.8,0.21,3.05,1.2181616832779623,1.0
52.0,Med,6.0,55.0,2.9,0.93,0.66,5.0,1.0
35.0,Med,9.0,80.0,12.9,4.28,6.04,3.4453057708871664,0.0
26.0,Med,1.0,26.0,11.1,1.69,1.19,1.8597997138769673,1.0
26.0,SupCom,1.0,31.0,12.3,1.15,2.67,1.923076923076923,0.0
28.0,Med,8.0,40.0,9.8,1.36,2.56,2.9154518950437316,
36.0,SupCom,4.0,101.0,6.7,2.09,4.68,5.0,1.0
41.0,Med,22.0,54.0,4.1,0.82,1.39,5.0,1.0
29.0,SupInc,8.0,39.0,11.6,3.26,1.27,2.417854928704278,1.0
35.0,Med,15.0,30.0,21.3,1.28,5.11,1.0834236186348862,
20.0,SupInc,0.0,21.0,15.1,1.26,1.91,1.1494252873563218,1.0
35.0,SupCom,5.0,47.0,16.1,3.18,4.39,1.9856358259400082,1.0
46.0,Bas,15.0,95.0,15.4,6.69,7.94,3.1635031635031634,0.0
20.0,Med,0.0,21.0,10.2,0.55,1.59,1.7017828200972447,
34.0,Posg,0.0,120.0,6.4,5.55,2.13,5.0,1.0
30.0,Med,0.0,26.0,3.6,0.48,0.46,5.0,1.0
21.0,SupInc,0.0,55.0,17.1,6.9,2.5,2.0754716981132075,1.0
40.0,SupCom,15.0,111.0,9.6,1.88,8.78,5.0,1.0
35.0,SupInc,7.0,29.0,7.1,1.59,0.47,3.165938864628821,0.0
29.0,SupInc,0.0,70.0,16.5,8.21,3.34,2.4955436720142603,1.0
35.0,SupInc,10.0,263.0,4.9,9.27,3.62,5.0,1.0
25.0,Posg,0.0,66.0,2.8,0.9,0.94,5.0,
21.0,Med,1.0,24.0,4.2,0.06,0.95,4.606525911708253,
36.0,SupCom,8.0,100.0,19.9,11.56,8.34,2.512562814070352,1.0
52.0,Bas,5.0,36.0,9.8,1.4,2.13,2.7006751687921975,0.0
23.0,SupCom,0.0,73.0,0.7,0.25,0.26,5.0,1.0
,,,,,,,,1.0
,,,,,,,,1.0
,,,,,,,,0.0
,,,,,,,,0.0
,,,,,,,,1.0
,,,,,,,,1.0
,,,,,,,,0.0
,,,,,,,,1.0
,,,,,,,,0.0
,,,,,,,,1.0
,,,,,,,,0.0
,,,,,,,,0.0
,,,,,,,,1.0
,,,,,,,,1.0
,,,,,,,,1.0
,,,,,,,,0.0
,,,,,,,,0.0
,,,,,,,,1.0
,,,,,,,,0.0
,,,,,,,,0.0
,,,,,,,,0.0
,,,,,,,,0.0
,,,,,,,,0.0
,,,,,,,,1.0
,,,,,,,,1.0
,,,,,,,,1.0
,,,,,,,,1.0
,,,,,,,,0.0
,,,,,,,,0.0
,,,,,,,,1.0
,,,,,,,,0.0
,,,,,,,,1.0
,,,,,,,,1.0
,,,,,,,,1.0
,,,,,,,,0.0
,,,,,,,,1.0
,,,,,,,,1.0
,,,,,,,,1.0
,,,,,,,,1.0
,,,,,,,,1.0
,,,,,,,,1.0
,,,,,,,,1.0
,,,,,,,,0.0
,,,,,,,,1.0
,,,,,,,,1.0
,,,,,,,,0.0
,,,,,,,,1.0
,,,,,,,,1.0
,,,,,,,,0.0
,,,,,,,,0.0
,,,,,,,,1.0
,,,,,,,,1.0
,,,,,,,,0.0
,,,,,,,,1.0
,,,,,,,,0.0
,,,,,,,,0.0
,,,,,,,,0.0
,,,,,,,,1.0
,,,,,,,,1.0
,,,,,,,,1.0
,,,,,,,,1.0
,,,,,,,,1.0
,,,,,,,,0.0
,,,,,,,,1.0
,,,,,,,,1.0
,,,,,,,,0.0
,,,,,,,,0.0
,,,,,,,,0.0
,,,,,,,,1.0
,,,,,,,,1.0
,,,,,,,,1.0
,,,,,,,,0.0
,,,,,,,,0.0
,,,,,,,,1.0
,,,,,,,,1.0
,,,,,,,,1.0
,,,,,,,,0.0
,,,,,,,,1.0
,,,,,,,,0.0
,,,,,,,,1.0
,,,,,,,,1.0
,,,,,,,,1.0
,,,,,,,,1.0
,,,,,,,,1.0
,,,,,,,,1.0
,,,,,,,,0.0
,,,,,,,,1.0
,,,,,,,,1.0
,,,,,,,,1.0
,,,,,,,,0.0
,,,,,,,,1.0
,,,,,,,,1.0
,,,,,,,,1.0
,,,,,,,,0.0
,,,,,,,,1.0
,,,,,,,,1.0
,,,,,,,,1.0
,,,,,,,,1.0
,,,,,,,,1.0
,,,,,,,,0.0
,,,,,,,,1.0
,,,,,,,,1.0
,,,,,,,,1.0
,,,,,,,,0.0
,,,,,,,,1.0
,,,,,,,,0.0
,,,,,,,,0.0
,,,,,,,,0.0
,,,,,,,,1.0
,,,,,,,,1.0
,,,,,,,,1.0
,,,,,,,,1.0
,,,,,,,,1.0
,,,,,,,,1.0
,,,,,,,,1.0
,,,,,,,,1.0
,,,,,,,,0.0
,,,,,,,,0.0
,,,,,,,,1.0
,,,,,,,,1.0
,,,,,,,,1.0
,,,,,,,,1.0
,,,,,,,,0.0
,,,,,,,,0.0
,,,,,,,,0.0
,,,,,,,,1.0
,,,,,,,,1.0
,,,,,,,,0.0
,,,,,,,,1.0
,,,,,,,,0.0
,,,,,,,,0.0
,,,,,,,,1.0
,,,,,,,,0.0
,,,,,,,,1.0
,,,,,,,,0.0
,,,,,,,,0.0
,,,,,,,,1.0
,,,,,,,,0.0
,,,,,,,,1.0
,,,,,,,,1.0
,,,,,,,,1.0
,,,,,,,,0.0
,,,,,,,,0.0
,,,,,,,,1.0
,,,,,,,,1.0
,,,,,,,,0.0
,,,,,,,,1.0
,,,,,,,,1.0
,,,,,,,,1.0
,,,,,,,,1.0
,,,,,,,,1.0
,,,,,,,,1.0
,,,,,,,,1.0
,,,,,,,,1.0
,,,,,,,,0.0
,,,,,,,,1.0
,,,,,,,,0.0
,,,,,,,,1.0
,,,,,,,,0.0
,,,,,,,,1.0
,,,,,,,,0.0
,,,,,,,,0.0
,,,,,,,,1.0
,,,,,,,,1.0
,,,,,,,,0.0
,,,,,,,,1.0
,,,,,,,,1.0
,,,,,,,,1.0
,,,,,,,,0.0
,,,,,,,,1.0
,,,,,,,,1.0
,,,,,,,,1.0
,,,,,,,,1.0
,,,,,,,,0.0
,,,,,,,,0.0
,,,,,,,,0.0
,,,,,,,,1.0
,,,,,,,,1.0
,,,,,,,,0.0
,,,,,,,,0.0
,,,,,,,,1.0
,,,,,,,,0.0
,,,,,,,,0.0
,,,,,,,,0.0
,,,,,,,,1.0
,,,,,,,,1.0
,,,,,,,,1.0
,,,,,,,,0.0
,,,,,,,,1.0
,,,,,,,,0.0
,,,,,,,,1.0
,,,,,,,,0.0
,,,,,,,,0.0
,,,,,,,,1.0
,,,,,,,,1.0
,,,,,,,,1.0
,,,,,,,,1.0
,,,,,,,,0.0
,,,,,,,,1.0
,,,,,,,,1.0
,,,,,,,,1.0
,,,,,,,,1.0
,,,,,,,,1.0
,,,,,,,,0.0
,,,,,,,,1.0
,,,,,,,,1.0
,,,,,,,,1.0
,,,,,,,,0.0
,,,,,,,,1.0
,,,,,,,,1.0
,,,,,,,,0.0
,,,,,,,,1.0
,,,,,,,,1.0
,,,,,,,,0.0
,,,,,,,,1.0
,,,,,,,,1.0
,,,,,,,,1.0
,,,,,,,,1.0
,,,,,,,,0.0
,,,,,,,,0.0
,,,,,,,,1.0
,,,,,,,,1.0
,,,,,,,,1.0
,,,,,,,,1.0
,,,,,,,,0.0
,,,,,,,,1.0
,,,,,,,,0.0
,,,,,,,,1.0
,,,,,,,,0.0
,,,,,,,,1.0
,,,,,,,,1.0
,,,,,,,,1.0
,,,,,,,,0.0
,,,,,,,,0.0
,,,,,,,,0.0
,,,,,,,,0.0
,,,,,,,,0.0
,,,,,,,,0.0
,,,,,,,,0.0
